============================================================
VLM Daily Monitor — Monitoraggio h24
  Modello:      gemma-4-26b-a4b-it
  Server:       http://localhost:1234
  Cattura:      Screen capture
  Intervallo:   30s (adattivo)
  Diario:       a mezzanotte (automatico)
  Output:       diari
============================================================
Premi Ctrl+C per fermare e generare il diario

[TELEGRAM] Bot avviato in background
============================================================
Telegram Bot — Monitoraggio Domiciliare
  VLM:    gemma-4-26b-a4b-it
  Server: http://localhost:1234
  Dati:   diari
============================================================
Bot avviato. In attesa di messaggi...

[16:37] [EVT×4] La persona non è visibile nell'ambiente. L'area risulta libera da persone o segnali di rischio immediati.
[16:38] [EVT×7] Presenza di una persona, maschio, in piedi. L'individuo è impegnato nell'uso di uno smartphone mentre si muove verso la zona tavolo. Il movimento appare fluido e stabile, senza segni di difficoltà motorie o rischi di caduta rilevabili.

[TEST] Avvio test STS...
WARNING: All log messages before absl::InitializeLog() is called are written to STDERR
I0000 00:00:1778251096.931491 23365478 gl_context.cc:369] GL version: 2.1 (2.1 Metal - 89.3), renderer: Apple M4 Pro
INFO: Created TensorFlow Lite XNNPACK delegate for CPU.
W0000 00:00:1778251097.004884 23365480 inference_feedback_manager.cc:114] Feedback manager requires a model with a single signature inference. Disabling support for feedback tensors.
W0000 00:00:1778251097.019664 23365481 inference_feedback_manager.cc:114] Feedback manager requires a model with a single signature inference. Disabling support for feedback tensors.
[TEST] In attesa della persona...
W0000 00:00:1778251097.065796 23365481 landmark_projection_calculator.cc:186] Using NORM_RECT without IMAGE_DIMENSIONS is only supported for the square ROI. Provide IMAGE_DIMENSIONS or use PROJECTION_MATRIX.
[TEST] Persona rilevata, inizio STS
[TEST] STS completato: 5 reps in 19.8s
[16:38] [EVT×7] Presenza di una persona, maschio. La persona passa dalla posizione in piedi alla posizione seduta su una sedia. Il movimento appare fluido e stabile, senza segni di instabilità o rischio di caduta.

[TEST] Avvio test TUG...
I0000 00:00:1778251135.152379 23365966 gl_context.cc:369] GL version: 2.1 (2.1 Metal - 89.3), renderer: Apple M4 Pro
W0000 00:00:1778251135.236463 23365969 inference_feedback_manager.cc:114] Feedback manager requires a model with a single signature inference. Disabling support for feedback tensors.
W0000 00:00:1778251135.250904 23365970 inference_feedback_manager.cc:114] Feedback manager requires a model with a single signature inference. Disabling support for feedback tensors.
[TEST] In attesa della persona...
[TEST] Persona rilevata, inizio TUG
[TUG] SIT_TO_STAND → WALK_FORWARD (4.0s)
[TUG] Phase=WALK_FORWARD t=4.4s deltas=30 mov=145.5 state=WALKING fwd=286
[TUG] Inversione X! Early=-5.30 Recent=6.67
[TUG] WALK_FORWARD → TURN (4.7s)
[TUG] TURN → WALK_BACK (1.0s)
[TUG] WALK_BACK → FINISHED (0.7s)
[TEST] TUG completato: 10.3s, Rischio: MEDIUM
[16:39] [EVT×7] La persona è presente, maschio, in posizione seduta su una sedia. L'attività consiste nel consultare uno smartphone; il movimento e la postura appaiono stabili, senza segni di difficoltà motorie o rischi immediati.
[16:42] [FIX×1] La persona non è visibile nell'ambiente. L'area risulta libera da persone e non si rilevano segnali di rischio immediati.
[16:45] [FIX×1] La persona non è visibile nell'ambiente. L'area risulta libera da persone e non si rilevano segnali di rischio immediati.
[16:47] [EVT×7] La persona non è visibile nell'ambiente. L'area risulta libera da persone e non si rilevano segnali di rischio immediati.
[16:50] [FIX×1] La persona non è visibile nell'ambiente. L'area risulta libera da persone e non si rilevano segnali di rischio immediati.
[16:53] [FIX×1] La persona non è visibile nell'ambiente. L'area risulta libera da persone e non si rilevano segnali di rischio immediati.
[16:56] [FIX×1] La persona non è visibile nell'ambiente. Non si rilevano segnali di rischio o cambiamenti rispetto alle osservazioni precedenti.
[16:59] [FIX×1] La persona non è visibile nell'ambiente. Non si rilevano segnali di rischio o cambiamenti rispetto alle osservazioni precedenti.

[SINTESI 16:00] Ecco il riassunto clinico del periodo monitorato:

Durante l'intervallo temporale considerato, la persona ha svolto attività di deambulazione e consultazione dello smartphone, passando dalla posizione eretta a quella seduta in modo fluido. Il paziente ha mostrato un controllo motorio stabile, senza segni di instabilità o rischi di caduta rilevabili. Dopo le ore 16:39, l'individuo non è più stato visibile nell'ambiente, lasciando l'area libera e priva di segnali di rischio. Non si sono registrate variazioni critiche o anomalie rispetto ai parametri di sicurezza monitorati.

[17:02] [FIX×1] La persona non è visibile nell'ambiente. L'area risulta libera e non si rilevano segnali di rischio o cambiamenti rispetto alle osservazioni precedenti.
[17:06] [FIX×1] La persona non è visibile nell'ambiente. L'area risulta libera e non si rilevano segnali di rischio immediati.
[17:09] [FIX×1] La persona non è visibile nell'ambiente. Non si rilevano segnali di rischio o anomalie rispetto alle osservazioni precedenti.
[17:10] [EVT×7] La persona è presente, in piedi e sta camminando verso l'interno della stanza. Il movimento appare fluido e stabile, senza segni di difficoltà motorie o rischi di caduta.
[17:14] [FIX×1] La persona non è visibile nell'ambiente. Non si rilevano segnali di rischio o cambiamenti rispetto alle osservazioni precedenti.
[17:17] [FIX×1] La persona non è visibile nell'ambiente. L'area risulta libera e non si rilevano segnali di rischio o cambiamenti rispetto alle osservazioni precedenti.
[17:20] [FIX×1] La persona non è visibile nell'ambiente. Non si rilevano segnali di rischio o anomalie rispetto alle osservazioni precedenti.
[ROTAZIONE] Movimento camera rilevato (Diff: 95.49), ignoro...
[17:23] [FIX×1] La persona non è visibile nell'ambiente. Non si rilevano segnali di rischio o anomalie rispetto alle osservazioni precedenti.
[17:26] [FIX×1] La persona non è visibile nell'ambiente. Non si rilevano segnali di rischio o anomalie rispetto alle osservazioni precedenti.
[17:29] [FIX×1] La persona non è visibile nell'ambiente. Non si rilevano segnali di rischio o anomalie cliniche.
[17:32] [FIX×1] La persona non è visibile nell'ambiente. Non si rilevano segnali di rischio o anomalie cliniche.
[17:35] [FIX×1] La persona non è visibile nell'ambiente. Non si rilevano segnali di rischio o anomalie cliniche.
[17:36] [CMP] Ambiente invariato. Non si rilevano nuovi ostacoli, oggetti caduti o cambiamenti nella disposizione degli arredi che possano rappresentare rischi per la sicurezza.
[17:38] [FIX×1] La persona non è visibile nell'ambiente. Non si rilevano segnali di rischio o anomalie cliniche.
[17:41] [FIX×1] La persona non è visibile nell'ambiente. Non si rilevano segnali di rischio o anomalie cliniche.
[17:44] [FIX×1] La persona non è visibile nell'ambiente. Non si rilevano segnali di rischio o anomalie cliniche.

!!!!!!!!!!!!!!!!!!!!!!!!!!!!!!!!!!!!!!!!!!!!!!!!!!!!!!!!!!!!
[17:44] ⚠ ALERT: La persona non è visibile da circa 31 minuti durante le ore diurne. Verificare se è uscita o se si trova fuori dall'inquadratura.
!!!!!!!!!!!!!!!!!!!!!!!!!!!!!!!!!!!!!!!!!!!!!!!!!!!!!!!!!!!!

[17:47] [FIX×1] La persona non è visibile nell'ambiente. Non si rilevano segnali di rischio o anomalie cliniche.
[17:50] [FIX×1] La persona non è visibile nell'ambiente. Non si rilevano segnali di rischio o anomalie cliniche.
[17:53] [FIX×1] La persona non è visibile nell'ambiente. Non si rilevano segnali di rischio o anomalie cliniche.
[17:56] [FIX×1] La persona non è visibile nell'ambiente. Non si rilevano segnali di rischio o anomalie cliniche.
[17:59] [FIX×1] La persona non è visibile nell'ambiente. Non si rilevano segnali di rischio o anomalie cliniche.

[SINTESI 17:00] Ecco il riassunto del monitoraggio clinico per la fascia oraria 17:00 - 17:59:

Durante il periodo osservato, la persona è stata visibile solo brevemente alle ore 17:10, mostrando un movimento fluido e stabile mentre camminava all'interno della stanza. Per la maggior parte del tempo, l'utente non è stato rilevato nell'ambiente, sebbene l'area sia rimasta priva di ostacoli o rischi per la sicurezza. Non si sono registrate anomalie cliniche o variazioni nello stato di salute, ad eccezione di un alert alle 17:44 relativo alla prolungata assenza visiva, che richiede una verifica per accertare se la persona sia uscita o si trovi semplicemente fuori dall'inquadratura. Nel complesso, non sono emersi segnali di rischio immediato o difficoltà motorie.

[18:02] [FIX×1] La persona non è visibile nell'ambiente. Non si rilevano segnali di rischio o anomalie cliniche.
[18:05] [FIX×1] La persona non è visibile nell'ambiente. Non si rilevano segnali di rischio o anomalie cliniche.
[18:06] [CMP] Ambiente invariato.
[18:09] [FIX×1] La persona non è visibile nell'ambiente. Non si rilevano segnali di rischio o anomalie cliniche.
[18:12] [FIX×1] La persona non è visibile nell'ambiente. Non si rilevano segnali di rischio o anomalie cliniche.
[18:15] [FIX×1] La persona non è visibile nell'ambiente. Non si rilevano segnali di rischio o anomalie cliniche.
[18:18] [FIX×1] La persona non è visibile nell'ambiente. Non si rilevano segnali di rischio o anomalie cliniche.
[18:21] [FIX×1] La persona non è visibile nell'ambiente. Non si rilevano segnali di rischio o anomalie cliniche.
[18:24] [FIX×1] La persona non è visibile nell'ambiente. Non si rilevano segnali di rischio o anomalie cliniche.
[18:27] [FIX×1] La persona non è visibile nell'ambiente. Non si rilevano segnali di rischio o anomalie cliniche.
[18:30] [FIX×1] La persona non è visibile nell'ambiente. Non si rilevano segnali di rischio o anomalie cliniche.
[18:33] [FIX×1] La persona non è visibile nell'ambiente. Non si rilevano segnali di rischio o anomalie cliniche.
[18:36] [FIX×1] La persona non è visibile nell'ambiente. Non si rilevano segnali di rischio o anomalie cliniche.
[18:36] [CMP] Ambiente invariato.
[18:39] [FIX×1] La persona non è visibile nell'ambiente. Non si rilevano segnali di rischio o anomalie cliniche.
[18:42] [FIX×1] La persona non è visibile nell'ambiente. Non si rilevano segnali di rischio o anomalie cliniche.
[18:45] [FIX×1] La persona non è visibile nell'ambiente. Non si rilevano segnali di rischio o anomalie cliniche.
[18:48] [FIX×1] La persona non è visibile nell'ambiente. Non si rilevano segnali di rischio o anomalie cliniche.
[18:51] [FIX×1] La persona non è visibile nell'ambiente. Non si rilevano segnali di rischio o anomalie cliniche.
[18:54] [FIX×1] La persona non è visibile nell'ambiente. Non si rilevano segnali di rischio o anomalie cliniche.
[18:57] [FIX×1] La persona non è visibile nell'ambiente. Non si rilevano segnali di rischio o anomalie cliniche.

[SINTESI 18:00] Durante l'intervallo temporale considerato, la persona non è stata rilevata all'interno dell'ambiente monitorato. Non si sono verificate variazioni nelle condizioni ambientali e non sono stati registrati segnali di rischio o anomalie cliniche. L'assenza della persona è stata costante per tutta la durata del monitoraggio, senza che siano emersi elementi di attenzione.

[19:01] [FIX×1] La persona non è visibile nell'ambiente monitorato. Non si rilevano segnali di rischio o anomalie cliniche.
[19:04] [FIX×1] La persona non è visibile nell'ambiente monitorato. Non si rilevano segnali di rischio o anomalie cliniche.
[19:07] [CMP] La persona non è visibile nell'ambiente. L'immagine mostra esclusivamente righe di codice su uno schermo, pertanto non è possibile effettuare valutazioni cliniche o ambientali.
[19:07] [FIX×1] La persona non è visibile nell'ambiente. L'immagine mostra esclusivamente righe di codice su uno schermo, pertanto non è possibile effettuare valutazioni cliniche o monitoraggi sulla persona.
[19:10] [FIX×1] La persona non è visibile nell'ambiente monitorato. Non è possibile effettuare valutazioni cliniche, sulla postura o sul livello di autonomia.
[19:13] [FIX×1] La persona non è visibile nell'ambiente monitorato. L'immagine mostra esclusivamente righe di codice su uno schermo, pertanto non è possibile effettuare valutazioni cliniche o monitoraggi sulla persona.
[19:16] [FIX×1] La persona non è visibile nell'ambiente monitorato. L'immagine mostra esclusivamente righe di codice su uno schermo, pertanto non è possibile effettuare valutazioni cliniche o rilevare segnali di rischio.
[19:19] [FIX×1] La persona non è visibile nell'ambiente. L'immagine mostra esclusivamente righe di codice su uno schermo, pertanto non è possibile effettuare valutazioni cliniche o monitoraggi.
[19:22] [FIX×1] La persona non è visibile nell'ambiente monitorato. L'immagine mostra esclusivamente righe di codice su uno schermo, pertanto non è possibile effettuare valutazioni cliniche.
[19:25] [FIX×1] La persona non è visibile nell'ambiente monitorato. L'immagine mostra esclusivamente righe di codice su uno schermo, pertanto non è possibile effettuare valutazioni cliniche o rilevare segnali di rischio.
[19:28] [FIX×1] La persona non è visibile nell'ambiente monitorato. L'immagine mostra esclusivamente righe di codice su uno schermo, pertanto non è possibile effettuare valutazioni cliniche o rilevare segnali di rischio.
[19:31] [FIX×1] La persona non è visibile nell'ambiente monitorato. L'immagine mostra esclusivamente righe di codice su uno schermo, pertanto non è possibile effettuare valutazioni cliniche o rilevare segnali di rischio.
[19:34] [FIX×1] La persona non è visibile nell'ambiente monitorato. L'immagine mostra esclusivamente righe di codice su uno schermo, pertanto non è possibile effettuare valutazioni cliniche o rilevare segnali di rischio.
[19:37] [CMP] La persona non è visibile nell'ambiente monitorato. L'immagine mostra esclusivamente righe di codice su uno schermo, pertanto non è possibile effettuare valutazioni cliniche.
[19:37] [FIX×1] La persona non è visibile nell'ambiente monitorato. L'immagine mostra esclusivamente righe di codice su uno schermo, pertanto non è possibile effettuare valutazioni cliniche o rilevare segnali di rischio.
[19:40] [FIX×1] La persona non è visibile nell'ambiente monitorato. L'immagine mostra esclusivamente righe di codice su uno schermo, pertanto non è possibile effettuare valutazioni cliniche o rilevare segnali di rischio.
[19:43] [FIX×1] La persona non è visibile nell'ambiente monitorato. L'immagine mostra esclusivamente righe di codice su uno schermo, pertanto non è possibile effettuare valutazioni cliniche o rilevare segnali di rischio.
[19:46] [FIX×1] La persona non è visibile nell'ambiente monitorato. L'immagine mostra esclusivamente righe di codice su uno schermo, pertanto non è possibile effettuare valutazioni cliniche o rilevare segnali di rischio.
[19:49] [EVT×9] La persona non è visibile nell'immagine. L'immagine mostra esclusivamente righe di codice su uno schermo, pertanto non è possibile effettuare valutazioni cliniche o rilevare segnali di rischio.
[19:52] [FIX×1] La persona non è visibile nell'ambiente monitorato. L'immagine mostra esclusivamente righe di codice su uno schermo, rendendo impossibile qualsiasi valutazione clinica o rilevazione di segnali di rischio.
[19:55] [FIX×1] La persona non è visibile nell'ambiente monitorato. L'immagine mostra esclusivamente righe di codice su uno schermo, pertanto non è possibile effettuare valutazioni cliniche o rilevare segnali di rischio.
[19:58] [FIX×1] La persona non è visibile nell'ambiente monitorato. L'immagine mostra esclusivamente righe di codice su uno schermo, rendendo impossibile qualsiasi valutazione clinica o rilevazione di segnali di rischio.

[SINTESI 19:00] Durante l'intervallo temporale considerato, la persona non è stata visibile nell'ambiente monitorato. Le immagini trasmesse mostrano esclusivamente uno schermo con righe di codice, impedendo qualsiasi valutazione clinica, posturale o sul livello di autonomia. Non essendo possibile rilevare la presenza del soggetto, non si sono verificate variazioni di stato né sono emersi segnali di rischio o anomalie. Pertanto, non è stato possibile effettuare un monitoraggio clinico attivo per l'intera durata della sessione.

[20:01] [FIX×1] La persona non è visibile nell'ambiente monitorato. L'immagine mostra esclusivamente righe di codice su uno schermo, rendendo impossibile qualsiasi valutazione clinica o rilevazione di segnali di rischio.
[20:05] [FIX×1] La persona non è visibile nell'immagine. L'inquadratura mostra esclusivamente righe di codice su uno schermo, rendendo impossibile qualsiasi valutazione clinica o rilevazione di segnali di rischio.
[20:07] [CMP] La persona non è visibile nell'ambiente monitorato. L'immagine mostra esclusivamente uno schermo con righe di codice, rendendo impossibile qualsiasi valutazione clinica o rilevazione di rischi.
[20:08] [FIX×1] La persona non è visibile nell'ambiente monitorato. L'immagine mostra esclusivamente uno schermo con righe di codice, rendendo impossibile qualsiasi valutazione clinica o rilevazione di segnali di rischio.
[20:11] [FIX×1] La persona non è visibile nell'ambiente monitorato. L'immagine mostra esclusivamente uno schermo con righe di codice, rendendo impossibile qualsiasi valutazione clinica o rilevazione di segnali di rischio.
[20:14] [FIX×1] La persona non è visibile nell'ambiente monitorato. L'immagine mostra esclusivamente righe di codice su uno schermo, rendendo impossibile qualsiasi valutazione clinica o rilevazione di segnali di rischio.
[20:17] [FIX×1] La persona non è visibile nell'immagine. L'inquadratura mostra esclusivamente uno schermo con righe di codice, rendendo impossibile qualsiasi valutazione clinica o rilevazione di rischi.
[20:20] [FIX×1] La persona non è visibile nell'ambiente monitorato. L'immagine mostra esclusivamente uno schermo con righe di codice, rendendo impossibile qualsiasi valutazione clinica o rilevazione di rischi.
[20:23] [FIX×1] La persona non è visibile nell'ambiente monitorato. L'immagine mostra esclusivamente uno schermo con righe di codice, rendendo impossibile qualsiasi valutazione clinica o rilevazione di rischi.
[20:26] [FIX×1] La persona non è visibile nell'ambiente monitorato. L'immagine mostra esclusivamente uno schermo con righe di codice, rendendo impossibile qualsiasi valutazione clinica o rilevazione di rischi.
[20:29] [FIX×1] La persona non è visibile nell'ambiente monitorato. L'immagine mostra esclusivamente uno schermo con righe di codice, rendendo impossibile qualsiasi valutazione clinica o rilevazione di rischi.
[20:32] [FIX×1] La persona non è visibile nell'immagine. L'inquadratura mostra esclusivamente uno schermo con righe di codice, rendendo impossibile qualsiasi valutazione clinica o rilevazione di rischi.
[20:35] [FIX×1] La persona non è visibile nell'ambiente monitorato. L'immagine mostra esclusivamente uno schermo con righe di codice, rendendo impossibile qualsiasi valutazione clinica o rilevazione di rischi.
[20:37] [CMP] La persona non è visibile nell'immagine. L'inquadratura mostra esclusivamente uno schermo con righe di codice, rendendo impossibile qualsiasi valutazione clinica o rilevazione di rischi.
[20:38] [FIX×1] La persona non è visibile nell'ambiente monitorato. L'immagine mostra esclusivamente uno schermo con righe di codice, rendendo impossibile qualsiasi valutazione clinica o rilevazione di rischi.
[20:41] [FIX×1] La persona non è visibile nell'ambiente monitorato. L'immagine mostra esclusivamente uno schermo con righe di codice, rendendo impossibile qualsiasi valutazione clinica o rilevazione di rischi.
[20:44] [FIX×1] La persona non è visibile nell'immagine. L'inquadratura mostra esclusivamente uno schermo con righe di codice, rendendo impossibile qualsiasi valutazione clinica o rilevazione di rischi.
[20:47] [FIX×1] La persona non è visibile nell'ambiente monitorato. L'immagine mostra esclusivamente uno schermo con righe di codice, rendendo impossibile qualsiasi valutazione clinica o rilevazione di rischi.
[20:50] [FIX×1] La persona non è visibile nell'ambiente monitorato. L'immagine mostra esclusivamente uno schermo con righe di codice, rendendo impossibile qualsiasi valutazione clinica o rilevazione di rischi.
[20:54] [FIX×1] La persona non è visibile nell'ambiente monitorato. L'immagine mostra esclusivamente uno schermo con righe di codice, rendendo impossibile qualsiasi valutazione clinica o rilevazione di rischi.
[20:57] [FIX×1] La persona non è visibile nell'ambiente monitorato. L'immagine mostra esclusivamente uno schermo con righe di codice, rendendo impossibile qualsiasi valutazione clinica o rilevazione di rischi.

[SINTESI 20:00] Durante l'intervallo temporale considerato, la persona non è stata visibile nell'ambiente monitorato, poiché l'inquadratura ha mostrato esclusivamente uno schermo con righe di codice. A causa della costante assenza del soggetto nel campo visivo, non è stato possibile valutarne lo stato di salute, il comportamento o il benessere clinico. Non si rilevano variazioni o segnali di rischio specifici, ma la mancanza di visibilità impedisce qualsiasi tipo di monitoraggio clinico attivo.

[21:00] [FIX×1] La persona non è visibile nell'immagine. L'inquadratura mostra esclusivamente uno schermo con righe di codice, rendendo impossibile qualsiasi valutazione clinica o rilevazione di rischi.
[21:03] [FIX×1] La persona non è visibile nell'ambiente monitorato. L'immagine mostra esclusivamente uno schermo con righe di codice, rendendo impossibile qualsiasi valutazione clinica o rilevazione di rischi.
[21:06] [FIX×1] La persona non è visibile nell'ambiente monitorato. L'immagine mostra esclusivamente uno schermo con righe di codice, rendendo impossibile qualsiasi valutazione clinica o rilevazione di rischi.
[21:07] [CMP] La persona non è visibile nell'immagine. L'inquadratura mostra esclusivamente uno schermo con righe di codice, rendendo impossibile qualsiasi valutazione clinica.
[21:09] [FIX×1] La persona non è visibile nell'ambiente monitorato. L'immagine mostra esclusivamente uno schermo con righe di codice, rendendo impossibile qualsiasi valutazione clinica o rilevazione di rischi.
[21:12] [FIX×1] La persona non è visibile nell'ambiente monitorato; l'inquadratura mostra esclusivamente uno schermo con righe di codice. Non è possibile effettuare alcuna valutazione clinica, posturale o rilevare segnali di rischio.
[21:15] [FIX×1] La persona non è visibile nell'ambiente monitorato. L'immagine mostra esclusivamente uno schermo con righe di codice, rendendo impossibile qualsiasi valutazione clinica o rilevazione di rischi.
[21:18] [FIX×1] La persona non è visibile nell'ambiente monitorato; l'inquadratura mostra esclusivamente uno schermo con righe di codice. Non è possibile effettuare alcuna valutazione clinica, posturale o rilevare segnali di rischio.
[21:21] [FIX×1] La persona non è visibile nell'ambiente monitorato. L'inquadratura mostra esclusivamente uno schermo con righe di codice, rendendo impossibile qualsiasi valutazione clinica o rilevazione di rischi.
[21:24] [FIX×1] La persona non è visibile nell'ambiente monitorato. L'immagine mostra esclusivamente uno schermo con righe di codice, rendendo impossibile qualsiasi valutazione clinica o rilevazione di rischi.
[21:27] [FIX×1] La persona non è visibile nell'ambiente monitorato; l'inquadratura mostra esclusivamente uno schermo con righe di codice. Non è possibile effettuare alcuna valutazione clinica, posturale o rilevare segnali di rischio.
[21:30] [FIX×1] La persona non è visibile nell'ambiente monitorato. L'immagine mostra esclusivamente uno schermo con righe di codice, rendendo impossibile qualsiasi valutazione clinica o rilevazione di rischi.
[21:33] [FIX×1] La persona non è visibile nell'ambiente monitorato; l'inquadratura mostra esclusivamente uno schermo con righe di codice. Non è possibile effettuare alcuna valutazione clinica, posturale o rilevare segnali di rischio.
[21:36] [FIX×1] La persona non è visibile nell'ambiente monitorato. L'inquadratura mostra esclusivamente uno schermo con righe di codice, rendendo impossibile qualsiasi valutazione clinica o rilevazione di rischi.
[21:37] [CMP] La persona non è visibile nell'ambiente monitorato. L'immagine mostra esclusivamente uno schermo con righe di codice, rendendo impossibile qualsiasi valutazione clinica o rilevazione di rischi.
[21:39] [FIX×1] La persona non è visibile nell'ambiente monitorato; l'inquadratura mostra esclusivamente uno schermo con righe di codice. Non è possibile effettuare alcuna valutazione clinica, posturale o rilevare segnali di rischio.
[21:43] [FIX×1] La persona non è visibile nell'ambiente monitorato; l'immagine mostra esclusivamente uno schermo con righe di codice. Non è possibile effettuare alcuna valutazione clinica, posturale o rilevare segnali di rischio.
[21:46] [FIX×1] La persona non è visibile nell'ambiente monitorato; l'inquadratura mostra esclusivamente uno schermo con righe di codice. Non è possibile effettuare alcuna valutazione clinica, posturale o rilevare segnali di rischio.
[21:49] [FIX×1] La persona non è visibile nell'ambiente monitorato; l'inquadratura mostra esclusivamente uno schermo con righe di codice. Non è possibile effettuare alcuna valutazione clinica, posturale o rilevare segnali di rischio.
[21:52] [FIX×1] La persona non è visibile nell'ambiente monitorato; l'inquadratura mostra esclusivamente uno schermo con righe di codice. Non è possibile effettuare alcuna valutazione clinica, posturale o rilevare segnali di rischio.
[21:55] [FIX×1] La persona non è visibile nell'ambiente monitorato; l'inquadratura mostra esclusivamente uno schermo con righe di codice. Non è possibile effettuare alcuna valutazione clinica, posturale o rilevare segnali di rischio.
[21:58] [FIX×1] La persona non è visibile nell'ambiente monitorato; l'immagine mostra esclusivamente uno schermo con righe di codice. Non è possibile effettuare alcuna valutazione clinica, posturale o rilevare segnali di rischio.

[SINTESI 21:00] Durante l'intervallo temporale considerato (21:00-21:59), non è stato possibile rilevare la presenza della persona nell'ambiente monitorato, poiché l'inquadratura è rimasta costantemente occupata dalla visualizzazione di uno schermo con righe di codice. Di conseguenza, non è stato possibile determinare le attività svolte, lo stato di salute o la posizione posturale del soggetto. Non si registrano variazioni cliniche né segnali di rischio, in quanto la visibilità è risultata nulla per l'intera durata del monitoraggio.

[22:01] [FIX×1] La persona non è visibile nell'ambiente monitorato; l'inquadratura mostra esclusivamente uno schermo con righe di codice. Non è possibile effettuare alcuna valutazione clinica, posturale o rilevare segnali di rischio.
[22:04] [FIX×1] La persona non è visibile nell'ambiente monitorato; l'inquadratura mostra esclusivamente uno schermo con righe di codice. Non è possibile effettuare alcuna valutazione clinica, posturale o rilevare segnali di rischio.
[22:07] [CMP] La persona non è visibile nell'ambiente monitorato; l'immagine mostra esclusivamente uno schermo con righe di codice. Non è possibile effettuare alcuna valutazione clinica o rilevare segnali di rischio.
[22:07] [FIX×1] La persona non è visibile nell'ambiente monitorato; l'inquadratura mostra esclusivamente uno schermo con righe di codice. Non è possibile effettuare alcuna valutazione clinica, posturale o rilevare segnali di rischio.
[22:10] [FIX×1] La persona non è visibile nell'ambiente monitorato; l'immagine mostra esclusivamente uno schermo con righe di codice. Non è possibile effettuare alcuna valutazione clinica, posturale o rilevare segnali di rischio.
[22:13] [FIX×1] La persona non è visibile nell'ambiente monitorato; l'inquadratura mostra esclusivamente uno schermo con righe di codice. Non è possibile effettuare alcuna valutazione clinica, posturale o rilevare segnali di rischio.
[22:16] [FIX×1] La persona non è visibile nell'ambiente monitorato; l'inquadratura mostra esclusivamente uno schermo con righe di codice. Non è possibile effettuare alcuna valutazione clinica, posturale o rilevare segnali di rischio.
[22:19] [FIX×1] La persona non è visibile nell'ambiente monitorato; l'immagine mostra esclusivamente uno schermo con righe di codice. Non è possibile effettuare alcuna valutazione clinica, posturale o rilevare segnali di rischio.
[22:22] [FIX×1] La persona non è visibile nell'ambiente monitorato; l'inquadratura mostra esclusivamente uno schermo con righe di codice. Non è possibile effettuare alcuna valutazione clinica, posturale o rilevare segnali di rischio.
[22:25] [FIX×1] La persona non è visibile nell'ambiente monitorato; l'immagine mostra esclusivamente uno schermo con righe di codice. Non è possibile effettuare alcuna valutazione clinica, posturale o rilevare segnali di rischio.
[22:29] [FIX×1] La persona non è visibile nell'ambiente monitorato; l'inquadratura mostra esclusivamente uno schermo con righe di codice. Non è possibile effettuare alcuna valutazione clinica, posturale o rilevare segnali di rischio.
[22:32] [FIX×1] La persona non è visibile nell'ambiente monitorato; l'inquadratura mostra esclusivamente uno schermo con righe di codice. Non è possibile effettuare alcuna valutazione clinica, posturale o rilevare segnali di rischio.
[22:35] [FIX×1] La persona non è visibile nell'ambiente monitorato; l'immagine mostra esclusivamente uno schermo con righe di codice. Non è possibile effettuare alcuna valutazione clinica, posturale o rilevare segnali di rischio.
[22:37] [CMP] La persona non è visibile nell'ambiente monitorato. L'immagine mostra esclusivamente uno schermo con righe di codice, rendendo impossibile qualsiasi valutazione clinica o posturale.
[22:38] [FIX×1] La persona non è visibile nell'ambiente monitorato; l'immagine mostra esclusivamente uno schermo con righe di codice. Non è possibile effettuare alcuna valutazione clinica, posturale o rilevare segnali di rischio.
[22:41] [FIX×1] La persona non è visibile nell'ambiente monitorato; l'inquadratura mostra esclusivamente uno schermo con righe di codice. Non è possibile effettuare alcuna valutazione clinica, posturale o rilevare segnali di rischio.
[22:44] [FIX×1] La persona non è visibile nell'ambiente monitorato; l'immagine mostra esclusivamente uno schermo con righe di codice. Non è possibile effettuare alcuna valutazione clinica, posturale o rilevare segnali di rischio.
[22:47] [FIX×1] La persona non è visibile nell'ambiente monitorato; l'immagine mostra esclusivamente uno schermo con righe di codice. Non è possibile effettuare alcuna valutazione clinica, posturale o rilevare segnali di rischio.
[22:50] [FIX×1] La persona non è visibile nell'ambiente monitorato; l'immagine mostra esclusivamente uno schermo con righe di codice. Non è possibile effettuare alcuna valutazione clinica, posturale o rilevare segnali di rischio.
[22:53] [FIX×1] La persona non è visibile nell'ambiente monitorato; l'inquadratura mostra esclusivamente uno schermo con righe di codice. Non è possibile effettuare alcuna valutazione clinica, posturale o rilevare segnali di rischio.
[22:56] [FIX×1] La persona non è visibile nell'ambiente monitorato; l'inquadratura mostra esclusivamente uno schermo con righe di codice. Non è possibile effettuare alcuna valutazione clinica, posturale o rilevare segnali di rischio.
[22:59] [FIX×1] La persona non è visibile nell'ambiente monitorato; l'immagine mostra esclusivamente uno schermo con righe di codice. Non è possibile effettuare alcuna valutazione clinica, posturale o rilevare segnali di rischio.

[SINTESI 22:00] Durante l'intervallo temporale considerato, la persona non è risultata visibile nell'ambiente monitorato, poiché l'inquadratura ha mostrato esclusivamente uno schermo con righe di codice. A causa dell'assenza del soggetto nel campo visivo, non è stato possibile effettuare alcuna valutazione clinica, posturale o rilevare segnali di rischio. Non si sono verificate variazioni o eventi rilevanti, rendendo impossibile determinare lo stato di salute o l'attività svolta dall'utente. Non sono stati rilevati segnali di attenzione clinica.

[23:02] [FIX×1] La persona non è visibile nell'ambiente monitorato; l'immagine mostra esclusivamente uno schermo con righe di codice. Non è possibile effettuare alcuna valutazione clinica, posturale o rilevare segnali di rischio.
[23:05] [FIX×1] La persona non è visibile nell'ambiente monitorato; l'immagine mostra esclusivamente uno schermo con righe di codice. Non è possibile effettuare alcuna valutazione clinica, posturale o rilevare segnali di rischio.
[23:07] [CMP] La persona non è visibile nell'immagine. L'inquadratura mostra esclusivamente uno schermo con righe di codice, rendendo impossibile qualsiasi valutazione clinica o ambientale.
[23:08] [FIX×1] La persona non è visibile nell'ambiente monitorato; l'inquadratura mostra esclusivamente uno schermo con righe di codice. Non è possibile effettuare alcuna valutazione clinica, posturale o rilevare segnali di rischio.
[23:12] [FIX×1] La persona non è visibile nell'ambiente monitorato; l'immagine mostra esclusivamente uno schermo con righe di codice. Non è possibile effettuare alcuna valutazione clinica, posturale o rilevare segnali di rischio.
[23:15] [FIX×1] La persona non è visibile nell'ambiente monitorato; l'immagine mostra esclusivamente uno schermo con righe di codice. Non è possibile effettuare alcuna valutazione clinica, posturale o rilevare segnali di rischio.
[23:18] [FIX×1] La persona non è visibile nell'ambiente monitorato; l'immagine mostra esclusivamente uno schermo con righe di codice. Non è possibile effettuare alcuna valutazione clinica, posturale o rilevare segnali di rischio.
[23:21] [FIX×1] La persona non è visibile nell'ambiente monitorato; l'inquadratura mostra esclusivamente uno schermo con righe di codice. Non è possibile effettuare alcuna valutazione clinica, posturale o rilevare segnali di rischio.
[23:24] [FIX×1] La persona non è visibile nell'ambiente monitorato; l'immagine mostra esclusivamente uno schermo con righe di codice. Non è possibile effettuare alcuna valutazione clinica, posturale o rilevare segnali di rischio.
[23:27] [FIX×1] La persona non è visibile nell'ambiente monitorato; l'immagine mostra esclusivamente uno schermo con righe di codice. Non è possibile effettuare alcuna valutazione clinica, posturale o rilevare segnali di rischio.
[23:30] [FIX×1] La persona non è visibile nell'ambiente monitorato; l'immagine mostra esclusivamente uno schermo con righe di codice. Non è possibile effettuare alcuna valutazione clinica, posturale o rilevare segnali di rischio.
[23:33] [FIX×1] La persona non è visibile nell'ambiente monitorato; l'immagine mostra esclusivamente uno schermo con righe di codice. Non è possibile effettuare alcuna valutazione clinica, posturale o rilevare segnali di rischio.
[23:36] [FIX×1] La persona non è visibile nell'ambiente monitorato; l'immagine mostra esclusivamente uno schermo con righe di codice. Non è possibile effettuare alcuna valutazione clinica, posturale o rilevare segnali di rischio.
[23:37] [CMP] La persona non è visibile nell'immagine. L'inquadratura mostra esclusivamente uno schermo con righe di codice, rendendo impossibile qualsiasi valutazione clinica o ambientale.
[23:39] [FIX×1] La persona non è visibile nell'ambiente monitorato; l'immagine mostra esclusivamente uno schermo con righe di codice. Non è possibile effettuare alcuna valutazione clinica, posturale o rilevare segnali di rischio.
[23:42] [FIX×1] La persona non è visibile nell'ambiente monitorato; l'immagine mostra esclusivamente uno schermo con righe di codice. Non è possibile effettuare alcuna valutazione clinica, posturale o rilevare segnali di rischio.
[23:45] [FIX×1] La persona non è visibile nell'ambiente monitorato; l'immagine mostra esclusivamente uno schermo con righe di codice. Non è possibile effettuare alcuna valutazione clinica, posturale o rilevare segnali di rischio.
[23:48] [FIX×1] La persona non è visibile nell'ambiente monitorato; l'immagine mostra esclusivamente uno schermo con righe di codice. Non è possibile effettuare alcuna valutazione clinica, posturale o rilevare segnali di rischio.
[23:52] [FIX×1] La persona non è visibile nell'ambiente monitorato; l'immagine mostra esclusivamente uno schermo con righe di codice. Non è possibile effettuare alcuna valutazione clinica, posturale o rilevare segnali di rischio.
[23:55] [FIX×1] La persona non è visibile nell'ambiente monitorato; l'immagine mostra esclusivamente uno schermo con righe di codice. Non è possibile effettuare alcuna valutazione clinica, posturale o rilevare segnali di rischio.
[23:58] [FIX×1] La persona non è visibile nell'ambiente monitorato; l'immagine mostra esclusivamente uno schermo con righe di codice. Non è possibile effettuare alcuna valutazione clinica, posturale o rilevare segnali di rischio.

[SINTESI 23:00] Durante l'intervallo di monitoraggio tra le 23:00 e le 23:59, la persona non è stata visibile nell'ambiente monitorato. L'inquadratura ha mostrato esclusivamente uno schermo con righe di codice, rendendo impossibile qualsiasi valutazione clinica, posturale o del benessere dell'utente. Non è stata rilevata alcuna attività fisica né sono stati identificabili segnali di rischio o variazioni di stato. In assenza di visibilità del soggetto, non è possibile determinare il suo stato di salute o la sua posizione.

[DIARIO] Cambio giornata, genero diario per 2026-05-08

============================================================
[DIARIO] Generazione diario giornaliero...
  Osservazioni: 162
  Riepiloghi orari: 8
============================================================
[DIARIO] Salvato in diari/2026/05/2026-05-08/diario.txt
[INIT] Nuovo giorno: 2026-05-09
[00:01] [FIX×1] La persona non è visibile nell'immagine. Non è possibile effettuare alcuna valutazione clinica o di sicurezza.
[00:04] [FIX×1] La persona non è visibile nell'immagine. Non è possibile effettuare alcuna valutazione clinica, posturale o rilevare segnali di rischio.
[00:07] [FIX×1] La persona non è visibile nell'immagine, che mostra esclusivamente del codice su uno schermo. Non è possibile effettuare alcuna valutazione clinica, posturale o rilevare segnali di rischio.
[00:10] [FIX×1] La persona non è visibile nell'immagine. Non è possibile effettuare alcuna valutazione clinica, posturale o rilevare segnali di rischio.
[00:13] [FIX×1] La persona non è visibile nell'immagine. Non è possibile effettuare alcuna valutazione clinica, posturale o rilevare segnali di rischio.
[00:16] [FIX×1] La persona non è visibile nell'immagine; l'inquadratura mostra esclusivamente del codice su uno schermo. Non è possibile effettuare alcuna valutazione clinica, posturale o rilevare segnali di rischio.
[00:19] [FIX×1] La persona non è visibile nell'immagine. L'inquadratura mostra esclusivamente del codice su uno schermo, rendendo impossibile qualsiasi valutazione clinica o di rischio.
[00:22] [FIX×1] La persona non è visibile nell'immagine; l'inquadratura mostra esclusivamente del codice su uno schermo. Non è possibile effettuare alcuna valutazione clinica, posturale o rilevare segnali di rischio.
[00:25] [FIX×1] La persona non è visibile nell'immagine. L'inquadratura mostra esclusivamente del codice su uno schermo, rendendo impossibile qualsiasi valutazione clinica o di rischio.
[00:28] [FIX×1] La persona non è visibile nell'immagine; l'inquadratura mostra esclusivamente del codice su uno schermo. Non è possibile effettuare alcuna valutazione clinica, posturale o rilevare segnali di rischio.
[00:31] [FIX×1] La persona non è visibile nell'immagine; l'inquadratura mostra esclusivamente del codice su uno schermo. Non è possibile effettuare alcuna valutazione clinica, posturale o rilevare segnali di rischio.
[00:34] [FIX×1] La persona non è visibile nell'immagine; l'inquadratura mostra esclusivamente del codice su uno schermo. Non è possibile effettuare alcuna valutazione clinica, posturale o rilevare segnali di rischio.
[00:37] [CMP] La persona non è visibile nell'immagine. L'inquadratura mostra esclusivamente del codice su uno schermo, rendendo impossibile qualsiasi valutazione clinica o di rischio.
[00:37] [FIX×1] La persona non è visibile nell'immagine. L'inquadratura mostra esclusivamente del codice su uno schermo, rendendo impossibile qualsiasi valutazione clinica o di rischio.
[00:41] [FIX×1] La persona non è visibile nell'immagine; l'inquadratura mostra esclusivamente del codice su uno schermo. Non è possibile effettuare alcuna valutazione clinica, posturale o rilevare segnali di rischio.
[00:44] [FIX×1] La persona non è visibile nell'immagine; l'inquadratura mostra esclusivamente del codice su uno schermo. Non è possibile effettuare alcuna valutazione clinica, posturale o rilevare segnali di rischio.
[00:47] [FIX×1] La persona non è visibile nell'immagine; l'inquadratura mostra esclusivamente del codice su uno schermo. Non è possibile effettuare alcuna valutazione clinica, posturale o rilevare segnali di rischio.
[00:50] [FIX×1] La persona non è visibile nell'immagine. L'inquadratura mostra esclusivamente del codice su uno schermo, rendendo impossibile qualsiasi valutazione clinica o di rischio.
[00:53] [FIX×1] La persona non è visibile nell'immagine. L'inquadratura mostra esclusivamente del codice su uno schermo, rendendo impossibile qualsiasi valutazione clinica o di rischio.
[00:56] [FIX×1] La persona non è visibile nell'immagine; l'inquadratura mostra esclusivamente righe di codice su uno schermo. Non è possibile effettuare alcuna valutazione clinica, posturale o rilevare segnali di rischio.
[00:59] [FIX×1] La persona non è visibile nell'immagine; l'inquadratura mostra esclusivamente righe di codice su uno schermo. Non è possibile effettuare alcuna valutazione clinica, posturale o rilevare segnali di rischio.

[SINTESI 00:00] Durante l'intervallo temporale considerato (00:00 - 00:59), non è stato possibile rilevare la presenza della persona all'interno dell'inquadratura. L'immagine ha mostrato esclusivamente uno schermo con righe di codice, impedendo qualsiasi valutazione clinica, posturale o di sicurezza. Di conseguenza, non è stato possibile determinare lo stato di salute, il comportamento o eventuali variazioni fisiologiche dell'utente. Non si segnalano anomalie cliniche, ma la mancanza di visibilità rende impossibile il monitoraggio del rischio.

[01:02] [FIX×1] La persona non è visibile nell'inquadratura. L'immagine mostra esclusivamente del codice su uno schermo, rendendo impossibile qualsiasi valutazione clinica o di rischio.
[01:05] [FIX×1] La persona non è visibile nell'inquadratura. L'immagine mostra esclusivamente del codice su uno schermo, rendendo impossibile qualsiasi valutazione clinica o di rischio.
[01:07] [CMP] La persona non è visibile nell'inquadratura. L'immagine mostra esclusivamente righe di codice su uno schermo, rendendo impossibile qualsiasi valutazione clinica o di rischio.
[01:08] [FIX×1] La persona non è visibile nell'inquadratura; l'immagine mostra esclusivamente righe di codice su uno schermo. Non è possibile effettuare alcuna valutazione clinica, posturale o rilevare segnali di rischio.
[01:11] [FIX×1] La persona non è visibile nell'inquadratura. L'immagine mostra esclusivamente righe di codice su uno schermo, rendendo impossibile qualsiasi valutazione clinica o di rischio.
[01:14] [FIX×1] La persona non è visibile nell'inquadratura. L'immagine mostra esclusivamente righe di codice su uno schermo, rendendo impossibile qualsiasi valutazione clinica o di rischio.
[01:17] [FIX×1] La persona non è visibile nell'inquadratura. L'immagine mostra esclusivamente righe di codice su uno schermo, rendendo impossibile qualsiasi valutazione clinica o di rischio.
[01:21] [FIX×1] La persona non è visibile nell'inquadratura. L'immagine mostra esclusivamente righe di codice su uno schermo, rendendo impossibile qualsiasi valutazione clinica o di rischio.
[01:24] [FIX×1] La persona non è visibile nell'inquadratura; l'immagine mostra esclusivamente righe di codice su uno schermo. Non è possibile effettuare alcuna valutazione clinica, posturale o rilevare segnali di rischio.
[01:27] [FIX×1] La persona non è visibile nell'inquadratura. L'immagine mostra esclusivamente righe di codice su uno schermo, rendendo impossibile qualsiasi valutazione clinica o di rischio.
[01:30] [FIX×1] La persona non è visibile nell'inquadratura. L'immagine mostra esclusivamente righe di codice su uno schermo, rendendo impossibile qualsiasi valutazione clinica o di rischio.
[01:33] [FIX×1] La persona non è visibile nell'inquadratura. L'immagine mostra esclusivamente righe di codice su uno schermo, rendendo impossibile qualsiasi valutazione clinica o di rischio.
[01:36] [FIX×1] La persona non è visibile nell'inquadratura. L'immagine mostra esclusivamente righe di codice su uno schermo, rendendo impossibile qualsiasi valutazione clinica o di rischio.
[01:37] [CMP] La persona non è visibile nell'inquadratura. L'immagine mostra esclusivamente righe di codice su uno schermo, rendendo impossibile qualsiasi valutazione clinica o di rischio.
[01:39] [FIX×1] La persona non è visibile nell'inquadratura. L'immagine mostra esclusivamente righe di codice su uno schermo, rendendo impossibile qualsiasi valutazione clinica o di rischio.
[01:42] [FIX×1] La persona non è visibile nell'inquadratura. L'immagine mostra esclusivamente righe di codice su uno schermo, rendendo impossibile qualsiasi valutazione clinica o di rischio.
[01:45] [FIX×1] La persona non è visibile nell'inquadratura. L'immagine mostra esclusivamente righe di codice su uno schermo, rendendo impossibile qualsiasi valutazione clinica o di rischio.
[01:48] [FIX×1] La persona non è visibile nell'inquadratura. L'immagine mostra esclusivamente righe di codice su uno schermo, rendendo impossibile qualsiasi valutazione clinica o di rischio.
[01:51] [FIX×1] La persona non è visibile nell'inquadratura. L'immagine mostra esclusivamente righe di codice su uno schermo, rendendo impossibile qualsiasi valutazione clinica o di rischio.
[01:54] [FIX×1] La persona non è visibile nell'inquadratura. L'immagine mostra esclusivamente righe di codice su uno schermo, rendendo impossibile qualsiasi valutazione clinica o di rischio.
[01:57] [FIX×1] La persona non è visibile nell'inquadratura. L'immagine mostra esclusivamente righe di codice su uno schermo, rendendo impossibile qualsiasi valutazione clinica o di rischio.

[SINTESI 01:00] Durante l'intervallo temporale considerato (01:00–01:59), non è stato possibile effettuare alcuna valutazione clinica, posturale o di rischio in quanto il soggetto non è mai apparso nell'inquadratura. L'intera sessione di monitoraggio ha mostrato esclusivamente uno schermo con righe di codice, rendendo impossibile determinare lo stato di salute o l'attività della persona. Non si rilevano variazioni o segnali di attenzione, in quanto la visibilità del paziente è stata totalmente assente per tutta la durata dell'osservazione.

[02:01] [FIX×1] La persona non è visibile nell'inquadratura. L'immagine mostra esclusivamente righe di codice su uno schermo, rendendo impossibile qualsiasi valutazione clinica o di rischio.
[02:04] [FIX×1] La persona non è visibile nell'inquadratura. L'immagine mostra esclusivamente righe di codice su uno schermo, rendendo impossibile qualsiasi valutazione clinica o di rischio.
[02:07] [FIX×1] La persona non è visibile nell'inquadratura. L'immagine mostra esclusivamente righe di codice su uno schermo, rendendo impossibile qualsiasi valutazione clinica o di rischio.
[02:07] [CMP] La persona non è visibile nell'inquadratura. L'immagine mostra esclusivamente righe di codice su uno schermo, rendendo impossibile qualsiasi valutazione clinica o di rischio.
[02:10] [FIX×1] La persona non è visibile nell'inquadratura. L'immagine mostra esclusivamente righe di codice su uno schermo, rendendo impossibile qualsiasi valutazione clinica o di rischio.
[02:13] [FIX×1] La persona non è visibile nell'inquadratura. L'immagine mostra esclusivamente righe di codice su uno schermo, rendendo impossibile qualsiasi valutazione clinica o di rischio.
[02:16] [FIX×1] La persona non è visibile nell'inquadratura. L'immagine mostra esclusivamente righe di codice su uno schermo, rendendo impossibile qualsiasi valutazione clinica o di rischio.
[02:19] [FIX×1] La persona non è visibile nell'inquadratura. L'immagine mostra esclusivamente righe di codice su uno schermo, rendendo impossibile qualsiasi valutazione clinica o di rischio.
[02:22] [FIX×1] La persona non è visibile nell'inquadratura. L'immagine mostra esclusivamente righe di codice su uno schermo, rendendo impossibile qualsiasi valutazione clinica o di rischio.
[02:25] [FIX×1] La persona non è visibile nell'inquadratura. L'immagine mostra esclusivamente righe di codice su uno schermo, rendendo impossibile qualsiasi valutazione clinica o di rischio.
[02:28] [FIX×1] La persona non è visibile nell'inquadratura. L'immagine mostra esclusivamente righe di codice su uno schermo, rendendo impossibile qualsiasi valutazione clinica o di rischio.
[02:31] [FIX×1] La persona non è visibile nell'inquadratura. L'immagine mostra esclusivamente righe di codice su uno schermo, rendendo impossibile qualsiasi valutazione clinica o di rischio.
[02:34] [FIX×1] La persona non è visibile nell'inquadratura. L'immagine mostra esclusivamente righe di codice su uno schermo, rendendo impossibile qualsiasi valutazione clinica o di rischio.
[02:37] [CMP] La persona non è visibile nell'inquadratura. L'immagine mostra esclusivamente righe di codice su uno schermo, rendendo impossibile qualsiasi valutazione clinica o di rischio.
[02:37] [FIX×1] La persona non è visibile nell'inquadratura. L'immagine mostra esclusivamente righe di codice su uno schermo, rendendo impossibile qualsiasi valutazione clinica o di rischio.
[02:41] [FIX×1] La persona non è visibile nell'inquadratura. L'immagine mostra esclusivamente righe di codice su uno schermo, rendendo impossibile qualsiasi valutazione clinica, posturale o di rischio.
[02:44] [FIX×1] La persona non è visibile nell'inquadratura. L'immagine mostra esclusivamente righe di codice su uno schermo, rendendo impossibile qualsiasi valutazione clinica o di rischio.
[02:47] [FIX×1] La persona non è visibile nell'inquadratura. L'immagine mostra esclusivamente righe di codice su uno schermo, rendendo impossibile qualsiasi valutazione clinica o di rischio.
[02:50] [FIX×1] La persona non è visibile nell'inquadratura. L'immagine mostra esclusivamente righe di codice su uno schermo, rendendo impossibile qualsiasi valutazione clinica o di rischio.
[02:53] [FIX×1] La persona non è visibile nell'inquadratura. L'immagine mostra esclusivamente righe di codice su uno schermo, rendendo impossibile qualsiasi valutazione clinica o di rischio.
[02:56] [FIX×1] La persona non è visibile nell'inquadratura. L'immagine mostra esclusivamente righe di codice su uno schermo, rendendo impossibile qualsiasi valutazione clinica o di rischio.
[02:59] [FIX×1] La persona non è visibile nell'inquadratura. L'immagine mostra esclusivamente righe di codice su uno schermo, rendendo impossibile qualsiasi valutazione clinica o di rischio.

[SINTESI 02:00] Durante l'intervallo temporale considerato (02:01–02:59), il soggetto non è mai apparso nell'inquadratura, rendendo impossibile qualsiasi valutazione clinica, posturale o di rischio. L'immagine ha mostrato esclusivamente uno schermo con righe di codice, indicando che la persona si trovava al di fuori del campo visivo. Non sono state rilevate variazioni o attività dirette del soggetto, né è stato possibile identificare segnali di attenzione o stati di salute. In assenza di visibilità, non si segnalano anomalie cliniche, ma il monitoraggio risulta limitato dalla mancanza di contatto visivo.

[03:02] [FIX×1] La persona non è visibile nell'inquadratura. L'immagine mostra esclusivamente righe di codice su uno schermo, rendendo impossibile qualsiasi valutazione clinica o di rischio.
[03:05] [FIX×1] La persona non è visibile nell'inquadratura. L'immagine mostra esclusivamente del codice su uno schermo, rendendo impossibile qualsiasi valutazione clinica o di rischio.
[03:07] [CMP] La persona non è visibile nell'inquadratura. L'immagine mostra esclusivamente righe di codice su uno schermo, rendendo impossibile qualsiasi valutazione clinica o di rischio.
[03:08] [FIX×1] La persona non è visibile nell'inquadratura. L'immagine mostra esclusivamente righe di codice su uno schermo, rendendo impossibile qualsiasi valutazione clinica o di rischio.
[03:11] [FIX×1] La persona non è visibile nell'inquadratura. L'immagine mostra esclusivamente righe di codice su uno schermo, rendendo impossibile qualsiasi valutazione clinica o di rischio.
[03:14] [FIX×1] La persona non è visibile nell'inquadratura. L'immagine mostra esclusivamente righe di codice su uno schermo, rendendo impossibile qualsiasi valutazione clinica o di rischio.
[03:17] [FIX×1] La persona non è visibile nell'inquadratura. L'immagine mostra esclusivamente righe di codice su uno schermo, rendendo impossibile qualsiasi valutazione clinica o di rischio.
[03:21] [FIX×1] La persona non è visibile nell'inquadratura. L'immagine mostra esclusivamente righe di codice su uno schermo, rendendo impossibile qualsiasi valutazione clinica o di rischio.
[03:24] [FIX×1] La persona non è visibile nell'inquadratura. L'immagine mostra esclusivamente righe di codice su uno schermo, rendendo impossibile qualsiasi valutazione clinica o di rischio.
[03:27] [FIX×1] La persona non è visibile nell'inquadratura. L'immagine mostra esclusivamente righe di codice su uno schermo, rendendo impossibile qualsiasi valutazione clinica o di rischio.
[03:30] [FIX×1] La persona non è visibile nell'inquadratura. L'immagine mostra esclusivamente righe di codice su uno schermo, rendendo impossibile qualsiasi valutazione clinica o di rischio.
[03:33] [FIX×1] La persona non è visibile nell'inquadratura. L'immagine mostra esclusivamente righe di codice su uno schermo, rendendo impossibile qualsiasi valutazione clinica o di rischio.
[03:36] [FIX×1] La persona non è visibile nell'inquadratura. L'immagine mostra esclusivamente righe di codice su uno schermo, rendendo impossibile qualsiasi valutazione clinica o di rischio.
[03:37] [CMP] La persona non è visibile nell'inquadratura. L'immagine mostra esclusivamente del codice su uno schermo, rendendo impossibile qualsiasi valutazione clinica o di rischio.
[03:39] [FIX×1] La persona non è visibile nell'inquadratura. L'immagine mostra esclusivamente righe di codice su uno schermo, rendendo impossibile qualsiasi valutazione clinica o di rischio.
[03:42] [FIX×1] La persona non è visibile nell'inquadratura. L'immagine mostra esclusivamente righe di codice su uno schermo, rendendo impossibile qualsiasi valutazione clinica o di rischio.
[03:45] [FIX×1] La persona non è visibile nell'inquadratura. L'immagine mostra esclusivamente righe di codice su uno schermo, rendendo impossibile qualsiasi valutazione clinica o di rischio.
[03:48] [FIX×1] La persona non è visibile nell'inquadratura. L'immagine mostra esclusivamente righe di codice su uno schermo, rendendo impossibile qualsiasi valutazione clinica o di rischio.
[03:51] [FIX×1] La persona non è visibile nell'inquadratura. L'immagine mostra esclusivamente righe di codice su uno schermo, rendendo impossibile qualsiasi valutazione clinica o di rischio.
[03:54] [FIX×1] La persona non è visibile nell'inquadratura. L'immagine mostra esclusivamente del codice su uno schermo, rendendo impossibile qualsiasi valutazione clinica o di rischio.
[03:57] [FIX×1] La persona non è visibile nell'inquadratura. L'immagine mostra esclusivamente righe di codice su uno schermo, rendendo impossibile qualsiasi valutazione clinica o di rischio.

[SINTESI 03:00] Durante l'intervallo temporale considerato (03:02–03:57), il soggetto non è mai apparso nell'inquadratura, poiché l'immagine ha mostrato esclusivamente uno schermo con righe di codice. Di conseguenza, non è stato possibile osservare alcuna attività fisica o determinare lo stato di salute della persona. Non si rilevano variazioni cliniche né segnali di attenzione, data l'assenza totale di visibilità del paziente. La valutazione clinica risulta pertanto impossibile per l'intero periodo monitorato.

[04:01] [FIX×1] La persona non è visibile nell'inquadratura. L'immagine mostra esclusivamente righe di codice su uno schermo, rendendo impossibile qualsiasi valutazione clinica o di rischio.
[04:04] [FIX×1] La persona non è visibile nell'inquadratura. L'immagine mostra esclusivamente righe di codice su uno schermo, rendendo impossibile qualsiasi valutazione clinica o di rischio.
[04:07] [FIX×1] La persona non è visibile nell'inquadratura. L'immagine mostra esclusivamente righe di codice su uno schermo, rendendo impossibile qualsiasi valutazione clinica o di rischio.
[04:07] [CMP] La persona non è visibile nell'inquadratura. L'immagine mostra esclusivamente del codice su uno schermo, rendendo impossibile qualsiasi valutazione clinica o di rischio.
[04:10] [FIX×1] La persona non è visibile nell'inquadratura. L'immagine mostra esclusivamente righe di codice su uno schermo, rendendo impossibile qualsiasi valutazione clinica o di rischio.
[04:13] [FIX×1] La persona non è visibile nell'inquadratura. L'immagine mostra esclusivamente righe di codice su uno schermo, rendendo impossibile qualsiasi valutazione clinica o di rischio.
[04:16] [FIX×1] La persona non è visibile nell'inquadratura. L'immagine mostra esclusivamente righe di codice su uno schermo, rendendo impossibile qualsiasi valutazione clinica o di rischio.
[04:19] [FIX×1] La persona non è visibile nell'inquadratura. L'immagine mostra esclusivamente righe di codice su uno schermo, rendendo impossibile qualsiasi valutazione clinica o di rischio.
[04:22] [FIX×1] La persona non è visibile nell'inquadratura. L'immagine mostra esclusivamente righe di codice su uno schermo, rendendo impossibile qualsiasi valutazione clinica o di rischio.
[04:25] [FIX×1] La persona non è visibile nell'inquadratura. L'immagine mostra esclusivamente righe di codice su uno schermo, rendendo impossibile qualsiasi valutazione clinica o di rischio.
[04:28] [FIX×1] La persona non è visibile nell'inquadratura. L'immagine mostra esclusivamente righe di codice su uno schermo, rendendo impossibile qualsiasi valutazione clinica o di rischio.
[04:31] [FIX×1] La persona non è visibile nell'inquadratura. L'immagine mostra esclusivamente righe di codice su uno schermo, rendendo impossibile qualsiasi valutazione clinica o di rischio.
[04:34] [FIX×1] La persona non è visibile nell'inquadratura. L'immagine mostra esclusivamente righe di codice su uno schermo, rendendo impossibile qualsiasi valutazione clinica o di rischio.
[04:37] [CMP] La persona non è visibile nell'inquadratura. L'immagine mostra esclusivamente testo di codice su uno schermo, rendendo impossibile qualsiasi valutazione clinica o di rischio.
[04:37] [FIX×1] La persona non è visibile nell'inquadratura. L'immagine mostra esclusivamente righe di codice su uno schermo, rendendo impossibile qualsiasi valutazione clinica o di rischio.
[04:41] [FIX×1] La persona non è visibile nell'inquadratura. L'immagine mostra esclusivamente righe di codice su uno schermo, rendendo impossibile qualsiasi valutazione clinica o di rischio.
[04:44] [FIX×1] La persona non è visibile nell'inquadratura. L'immagine mostra esclusivamente righe di codice su uno schermo, rendendo impossibile qualsiasi valutazione clinica o di rischio.
[04:47] [FIX×1] La persona non è visibile nell'inquadratura. L'immagine mostra esclusivamente righe di codice su uno schermo, rendendo impossibile qualsiasi valutazione clinica o di rischio.
[04:50] [FIX×1] La persona non è visibile nell'inquadratura. L'immagine mostra esclusivamente righe di codice su uno schermo, rendendo impossibile qualsiasi valutazione clinica o di rischio.
[04:53] [FIX×1] La persona non è visibile nell'inquadratura. L'immagine mostra esclusivamente righe di codice su uno schermo, rendendo impossibile qualsiasi valutazione clinica o di rischio.
[04:56] [FIX×1] La persona non è visibile nell'inquadratura. L'immagine mostra esclusivamente righe di codice su uno schermo, rendendo impossibile qualsiasi valutazione clinica o di rischio.
[04:59] [FIX×1] La persona non è visibile nell'inquadratura. L'immagine mostra esclusivamente righe di codice su uno schermo, rendendo impossibile qualsiasi valutazione clinica o di rischio.

[SINTESI 04:00] **Riepilogo Monitoraggio Clinico (04:00 – 04:59)**

Durante l'intero intervallo temporale considerato, il soggetto non è stato visibile nell'inquadratura, poiché l'immagine ha mostrato esclusivamente uno schermo con righe di codice. Di conseguenza, non è stato possibile effettuare alcuna valutazione clinica sullo stato di salute o sul livello di attività della persona. Non si rilevano variazioni comportamentali né segnali di rischio, data l'assenza totale di dati visivi sul soggetto. Si raccomanda di verificare la posizione della persona qualora il monitoraggio richieda una valutazione diretta.

[05:02] [FIX×1] La persona non è visibile nell'inquadratura. L'immagine mostra esclusivamente righe di codice su uno schermo, rendendo impossibile qualsiasi valutazione clinica o di rischio.
[05:05] [FIX×1] La persona non è visibile nell'inquadratura. L'immagine mostra esclusivamente righe di codice su uno schermo, rendendo impossibile qualsiasi valutazione clinica o di rischio.
[05:07] [CMP] La persona non è visibile nell'inquadratura. L'immagine mostra esclusivamente righe di codice su uno schermo, rendendo impossibile qualsiasi valutazione clinica o di rischio.
[05:08] [FIX×1] La persona non è visibile nell'inquadratura. L'immagine mostra esclusivamente righe di codice su uno schermo, rendendo impossibile qualsiasi valutazione clinica o di rischio.
[05:11] [FIX×1] La persona non è visibile nell'inquadratura. L'immagine mostra esclusivamente righe di codice su uno schermo, rendendo impossibile qualsiasi valutazione clinica o di rischio.
[05:14] [FIX×1] La persona non è visibile nell'inquadratura. L'immagine mostra esclusivamente righe di codice su uno schermo, rendendo impossibile qualsiasi valutazione clinica o di rischio.
[05:17] [FIX×1] La persona non è visibile nell'inquadratura. L'immagine mostra esclusivamente righe di codice su uno schermo, rendendo impossibile qualsiasi valutazione clinica o di rischio.
[05:20] [FIX×1] La persona non è visibile nell'inquadratura. L'immagine mostra esclusivamente righe di codice su uno schermo, rendendo impossibile qualsiasi valutazione clinica o di rischio.
[05:24] [FIX×1] La persona non è visibile nell'inquadratura. L'immagine mostra esclusivamente righe di codice su uno schermo, rendendo impossibile qualsiasi valutazione clinica o di rischio.
[05:27] [FIX×1] La persona non è visibile nell'inquadratura. L'immagine mostra esclusivamente righe di codice su uno schermo, rendendo impossibile qualsiasi valutazione clinica o di rischio.
[05:30] [FIX×1] La persona non è visibile nell'inquadratura. L'immagine mostra esclusivamente righe di codice su uno schermo, rendendo impossibile qualsiasi valutazione clinica o di rischio.
[05:33] [FIX×1] La persona non è visibile nell'inquadratura. L'immagine mostra esclusivamente righe di codice su uno schermo, rendendo impossibile qualsiasi valutazione clinica o di rischio.
[05:36] [FIX×1] La persona non è visibile nell'inquadratura. L'immagine mostra esclusivamente righe di codice su uno schermo, rendendo impossibile qualsiasi valutazione clinica o di rischio.
[05:37] [CMP] La persona non è visibile nell'inquadratura. L'immagine mostra esclusivamente righe di codice su uno schermo, rendendo impossibile qualsiasi valutazione clinica o di rischio.
[05:39] [FIX×1] La persona non è visibile nell'inquadratura. L'immagine mostra esclusivamente righe di codice su uno schermo, rendendo impossibile qualsiasi valutazione clinica o di rischio.
[05:42] [FIX×1] La persona non è visibile nell'inquadratura. L'immagine mostra esclusivamente righe di codice su uno schermo, rendendo impossibile qualsiasi valutazione clinica o di rischio.
[05:45] [FIX×1] La persona non è visibile nell'inquadratura. L'immagine mostra esclusivamente righe di codice su uno schermo, rendendo impossibile qualsiasi valutazione clinica o di rischio.
[05:48] [FIX×1] La persona non è visibile nell'inquadratura. L'immagine mostra esclusivamente righe di codice su uno schermo, rendendo impossibile qualsiasi valutazione clinica o di rischio.
[05:51] [FIX×1] La persona non è visibile nell'inquadratura. L'immagine mostra esclusivamente righe di codice su uno schermo, rendendo impossibile qualsiasi valutazione clinica o di rischio.
[05:54] [FIX×1] La persona non è visibile nell'inquadratura. L'immagine mostra esclusivamente righe di codice su uno schermo, rendendo impossibile qualsiasi valutazione clinica o di rischio.
[05:57] [FIX×1] La persona non è visibile nell'inquadratura. L'immagine mostra esclusivamente righe di codice su uno schermo, rendendo impossibile qualsiasi valutazione clinica o di rischio.

[SINTESI 05:00] Durante l'intervallo temporale considerato, la persona non è mai apparsa nell'inquadratura, che ha mostrato esclusivamente uno schermo con righe di codice. Di conseguenza, non è stato possibile effettuare alcuna valutazione sullo stato clinico, sul comportamento o sul benessere del soggetto. Non si rilevano variazioni o segnali di attenzione, poiché l'assenza visiva è stata costante per tutto il periodo.

[06:00] [FIX×1] La persona non è visibile nell'inquadratura. L'immagine mostra esclusivamente righe di codice su uno schermo, rendendo impossibile qualsiasi valutazione clinica o di rischio.

!!!!!!!!!!!!!!!!!!!!!!!!!!!!!!!!!!!!!!!!!!!!!!!!!!!!!!!!!!!!
[06:00] ⚠ ALERT: La persona non è visibile da circa 360 minuti durante le ore diurne. Verificare se è uscita o se si trova fuori dall'inquadratura.
!!!!!!!!!!!!!!!!!!!!!!!!!!!!!!!!!!!!!!!!!!!!!!!!!!!!!!!!!!!!

[06:04] [FIX×1] La persona non è visibile nell'inquadratura; l'immagine mostra esclusivamente righe di codice su uno schermo. Non è possibile effettuare alcuna valutazione clinica o rilevare segnali di rischio.
[06:07] [FIX×1] La persona non è visibile nell'inquadratura; l'immagine mostra esclusivamente righe di codice su uno schermo. Non è possibile effettuare alcuna valutazione clinica o rilevare segnali di rischio.
[06:07] [CMP] La persona non è visibile nell'inquadratura. L'immagine mostra esclusivamente righe di codice su uno schermo; non è possibile effettuare alcuna valutazione clinica. Ambiente invariato.
[06:10] [FIX×1] La persona non è visibile nell'inquadratura; l'immagine mostra esclusivamente righe di codice su uno schermo. Non è possibile effettuare alcuna valutazione clinica o rilevare segnali di rischio.
[06:13] [FIX×1] La persona non è visibile nell'inquadratura; l'immagine mostra esclusivamente righe di codice su uno schermo. Non è possibile effettuare alcuna valutazione clinica o rilevare segnali di rischio.
[06:16] [FIX×1] La persona non è visibile nell'inquadratura; l'immagine mostra esclusivamente righe di codice su uno schermo. Non è possibile effettuare alcuna valutazione clinica o rilevare segnali di rischio.
[06:19] [FIX×1] La persona non è visibile nell'inquadratura; l'immagine mostra esclusivamente righe di codice su uno schermo. Non è possibile effettuare alcuna valutazione clinica o rilevare segnali di rischio.
[06:22] [FIX×1] La persona non è visibile nell'inquadratura; l'immagine mostra esclusivamente righe di codice su uno schermo. Non è possibile effettuare alcuna valutazione clinica o rilevare segnali di rischio.
[06:25] [FIX×1] La persona non è visibile nell'inquadratura; l'immagine mostra esclusivamente righe di codice su uno schermo. Non è possibile effettuare alcuna valutazione clinica o rilevare segnali di rischio.
[06:28] [FIX×1] La persona non è visibile nell'inquadratura; l'immagine mostra esclusivamente righe di codice su uno schermo. Non è possibile effettuare alcuna valutazione clinica o rilevare segnali di rischio.
[06:31] [FIX×1] La persona non è visibile nell'inquadratura; l'immagine mostra esclusivamente righe di codice su uno schermo. Non è possibile effettuare alcuna valutazione clinica o rilevare segnali di rischio.
[06:34] [FIX×1] La persona non è visibile nell'inquadratura; l'immagine mostra esclusivamente righe di codice su uno schermo. Non è possibile effettuare alcuna valutazione clinica o rilevare segnali di rischio.
[06:37] [CMP] La persona non è visibile nell'inquadratura. L'immagine mostra esclusivamente righe di codice su uno schermo; non è possibile effettuare alcuna valutazione clinica.
[06:37] [FIX×1] La persona non è visibile nell'inquadratura; l'immagine mostra esclusivamente righe di codice su uno schermo. Non è possibile effettuare alcuna valutazione clinica o rilevare segnali di rischio.
[06:40] [FIX×1] La persona non è visibile nell'inquadratura; l'immagine mostra esclusivamente righe di codice su uno schermo. Non è possibile effettuare alcuna valutazione clinica o rilevare segnali di rischio.
[06:44] [FIX×1] La persona non è visibile nell'inquadratura; l'immagine mostra esclusivamente righe di codice su uno schermo. Non è possibile effettuare alcuna valutazione clinica o rilevare segnali di rischio.
[06:47] [FIX×1] La persona non è visibile nell'inquadratura; l'immagine mostra esclusivamente righe di codice su uno schermo. Non è possibile effettuare alcuna valutazione clinica o rilevare segnali di rischio.
[06:50] [FIX×1] La persona non è visibile nell'inquadratura; l'immagine mostra esclusivamente righe di codice su uno schermo. Non è possibile effettuare alcuna valutazione clinica o rilevare segnali di rischio.
[06:53] [FIX×1] La persona non è visibile nell'inquadratura; l'immagine mostra esclusivamente righe di codice su uno schermo. Non è possibile effettuare alcuna valutazione clinica o rilevare segnali di rischio.
[06:56] [FIX×1] La persona non è visibile nell'inquadratura; l'immagine mostra esclusivamente righe di codice su uno schermo. Non è possibile effettuare alcuna valutazione clinica o rilevare segnali di rischio.
[06:59] [FIX×1] La persona non è visibile nell'inquadratura; l'immagine mostra esclusivamente righe di codice su uno schermo. Non è possibile effettuare alcuna valutazione clinica o rilevare segnali di rischio.

[SINTESI 06:00] Durante il periodo monitorato (06:00-06:59), la persona non è stata visibile nell'inquadratura, poiché l'immagine mostrava esclusivamente uno schermo con righe di codice. Non è stato possibile effettuare alcuna valutazione clinica o rilevare lo stato di salute dell'utente a causa della totale assenza del soggetto nel campo visivo. Non si sono verificate variazioni ambientali, ma persiste un segnale di attenzione critico: la persona risulta assente dall'inquadratura da circa 360 minuti. Si raccomanda una verifica immediata per accertare se l'assenza sia dovuta all'uscita dall'abitazione o alla posizione fuori campo.

[07:02] [FIX×1] La persona non è visibile nell'inquadratura; l'immagine mostra esclusivamente righe di codice su uno schermo. Non è possibile effettuare alcuna valutazione clinica o rilevare segnali di rischio a causa dell'assenza del soggetto.
[07:05] [FIX×1] La persona non è visibile nell'inquadratura; l'immagine mostra esclusivamente righe di codice su uno schermo. Non è possibile effettuare alcuna valutazione clinica o rilevare segnali di rischio a causa dell'assenza del soggetto.
[07:07] [CMP] La persona non è visibile nell'inquadratura. L'immagine mostra esclusivamente del codice su uno schermo, rendendo impossibile qualsiasi valutazione clinica o ambientale.
[07:08] [FIX×1] La persona non è visibile nell'inquadratura; l'immagine mostra esclusivamente righe di codice su uno schermo. Non è possibile effettuare alcuna valutazione clinica o rilevare segnali di rischio a causa dell'assenza del soggetto.
[07:11] [FIX×1] La persona non è visibile nell'inquadratura; l'immagine mostra esclusivamente righe di codice su uno schermo. Non è possibile effettuare alcuna valutazione clinica o rilevare segnali di rischio a causa dell'assenza del soggetto.
[07:14] [FIX×1] La persona non è visibile nell'inquadratura; l'immagine mostra esclusivamente righe di codice su uno schermo. Non è possibile effettuare alcuna valutazione clinica o rilevare segnali di rischio a causa dell'assenza del soggetto.
[07:17] [FIX×1] La persona non è visibile nell'inquadratura; l'immagine mostra esclusivamente righe di codice su uno schermo. Non è possibile effettuare alcuna valutazione clinica o rilevare segnali di rischio a causa dell'assenza del soggetto.
[07:20] [FIX×1] La persona non è visibile nell'inquadratura. L'immagine mostra esclusivamente righe di codice su uno schermo, rendendo impossibile qualsiasi valutazione clinica o rilevazione di segnali di rischio.
[07:24] [FIX×1] La persona non è visibile nell'inquadratura; l'immagine mostra esclusivamente righe di codice su uno schermo. Non è possibile effettuare alcuna valutazione clinica o rilevare segnali di rischio a causa dell'assenza del soggetto.
[07:27] [FIX×1] La persona non è visibile nell'inquadratura; l'immagine mostra esclusivamente righe di codice su uno schermo. Non è possibile effettuare alcuna valutazione clinica o rilevare segnali di rischio a causa dell'assenza del soggetto.
[07:30] [FIX×1] La persona non è visibile nell'inquadratura. L'immagine mostra esclusivamente righe di codice su uno schermo, rendendo impossibile qualsiasi valutazione clinica o rilevazione di segnali di rischio.
[07:33] [FIX×1] La persona non è visibile nell'inquadratura; l'immagine mostra esclusivamente righe di codice su uno schermo. Non è possibile effettuare alcuna valutazione clinica o rilevare segnali di rischio a causa dell'assenza del soggetto.
[07:36] [FIX×1] La persona non è visibile nell'inquadratura. L'immagine mostra esclusivamente righe di codice su uno schermo, rendendo impossibile qualsiasi valutazione clinica o rilevazione dello stato di salute.
[07:37] [CMP] La persona non è visibile nell'inquadratura. L'immagine mostra esclusivamente righe di codice su uno schermo, rendendo impossibile qualsiasi valutazione clinica.
[07:39] [FIX×1] La persona non è visibile nell'inquadratura; l'immagine mostra esclusivamente righe di codice su uno schermo. Non è possibile effettuare alcuna valutazione clinica o rilevare segnali di rischio a causa dell'assenza del soggetto.
[07:42] [FIX×1] La persona non è visibile nell'inquadratura. L'immagine mostra esclusivamente righe di codice su uno schermo, rendendo impossibile qualsiasi valutazione clinica o rilevazione dello stato di salute.
[07:45] [FIX×1] La persona non è visibile nell'inquadratura; l'immagine mostra esclusivamente righe di codice su uno schermo. Non è possibile effettuare alcuna valutazione clinica o rilevare segnali di rischio a causa dell'assenza del soggetto.
[07:48] [FIX×1] La persona non è visibile nell'inquadratura; l'immagine mostra esclusivamente righe di codice su uno schermo. Non è possibile effettuare alcuna valutazione clinica o rilevare segnali di rischio a causa dell'assenza del soggetto.
[07:51] [FIX×1] La persona non è visibile nell'inquadratura; l'immagine mostra esclusivamente righe di codice su uno schermo. Non è possibile effettuare alcuna valutazione clinica o rilevare segnali di rischio a causa dell'assenza del soggetto.
[07:54] [FIX×1] La persona non è visibile nell'inquadratura; l'immagine mostra esclusivamente righe di codice su uno schermo. Non è possibile effettuare alcuna valutazione clinica o rilevare segnali di rischio a causa dell'assenza del soggetto.
[07:57] [FIX×1] La persona non è visibile nell'inquadratura. L'immagine mostra esclusivamente righe di codice su uno schermo, rendendo impossibile qualsiasi valutazione clinica.

[SINTESI 07:00] Durante l'intervallo temporale considerato (07:00–07:59), il soggetto non è stato visibile nell'inquadratura, poiché l'immagine ha mostrato esclusivamente uno schermo con righe di codice. A causa dell'assenza del paziente nel campo visivo, non è stato possibile monitorarne le attività, valutarne lo stato di salute o rilevare segnali clinici. Non si riscontrano variazioni o anomalie, ma la mancanza di visibilità impedisce qualsiasi valutazione clinica o ambientale. Non sono stati rilevati segnali di rischio, sebbene il monitoraggio rimanga incompleto per l'impossibilità di osservazione diretta.

[08:01] [FIX×1] La persona non è visibile nell'inquadratura; l'immagine mostra esclusivamente righe di codice su uno schermo. Non è possibile effettuare alcuna valutazione clinica o rilevare segnali di rischio a causa dell'assenza del soggetto.
[08:04] [FIX×1] La persona non è visibile nell'inquadratura; l'immagine mostra esclusivamente righe di codice su uno schermo. Non è possibile effettuare alcuna valutazione clinica o rilevare segnali di rischio a causa dell'assenza del soggetto.
[08:07] [FIX×1] La persona non è visibile nell'inquadratura; l'immagine mostra esclusivamente righe di codice su uno schermo. Non è possibile effettuare alcuna valutazione clinica o rilevare segnali di rischio a causa dell'assenza del soggetto.
[08:07] [CMP] La persona non è visibile nell'inquadratura. L'immagine mostra esclusivamente del codice su uno schermo, rendendo impossibile qualsiasi valutazione clinica o ambientale.
[08:10] [FIX×1] La persona non è visibile nell'inquadratura; l'immagine mostra esclusivamente righe di codice su uno schermo. Non è possibile effettuare alcuna valutazione clinica, monitorare la mobilità o rilevare segnali di rischio a causa dell'assenza del soggetto.
[08:13] [FIX×1] La persona non è visibile nell'inquadratura; l'immagine mostra esclusivamente righe di codice su uno schermo. Non è possibile effettuare alcuna valutazione clinica, monitorare la mobilità o rilevare segnali di rischio a causa dell'assenza del soggetto.
[08:16] [FIX×1] La persona non è visibile nell'inquadratura; l'immagine mostra esclusivamente righe di codice su uno schermo. Non è possibile effettuare alcuna valutazione clinica, monitorare la mobilità o rilevare segnali di rischio a causa dell'assenza del soggetto.
[08:19] [FIX×1] La persona non è visibile nell'inquadratura; l'immagine mostra esclusivamente righe di codice su uno schermo. Non è possibile effettuare alcuna valutazione clinica, monitorare la mobilità o rilevare segnali di rischio a causa dell'assenza del soggetto.
[08:22] [FIX×1] La persona non è visibile nell'inquadratura; l'immagine mostra esclusivamente righe di codice su uno schermo. Non è possibile effettuare alcuna valutazione clinica, monitorare la mobilità o rilevare segnali di rischio a causa dell'assenza del soggetto.
[08:25] [FIX×1] La persona non è visibile nell'inquadratura; l'immagine mostra esclusivamente righe di codice su uno schermo. Non è possibile effettuare alcuna valutazione clinica o rilevare segnali di rischio a causa dell'assenza del soggetto.
[08:28] [FIX×1] La persona non è visibile nell'inquadratura; l'immagine mostra esclusivamente righe di codice su uno schermo. Non è possibile effettuare alcuna valutazione clinica, monitorare la mobilità o rilevare segnali di rischio a causa dell'assenza del soggetto.
[08:31] [FIX×1] La persona non è visibile nell'inquadratura; l'immagine mostra esclusivamente righe di codice su uno schermo. Non è possibile effettuare alcuna valutazione clinica, monitorare la mobilità o rilevare segnali di rischio a causa dell'assenza del soggetto.
[08:34] [FIX×1] La persona non è visibile nell'inquadratura; l'immagine mostra esclusivamente righe di codice su uno schermo. Non è possibile effettuare alcuna valutazione clinica, monitorare la mobilità o rilevare segnali di rischio a causa dell'assenza del soggetto.
[08:37] [CMP] La persona non è visibile nell'inquadratura. L'immagine mostra esclusivamente del codice su uno schermo, pertanto non è possibile effettuare alcuna valutazione clinica o ambientale.
[08:37] [FIX×1] La persona non è visibile nell'inquadratura; l'immagine mostra esclusivamente righe di codice su uno schermo. Non è possibile effettuare alcuna valutazione clinica, monitorare la mobilità o rilevare segnali di rischio a causa dell'assenza del soggetto.
[08:41] [FIX×1] La persona non è visibile nell'inquadratura; l'immagine mostra esclusivamente righe di codice su uno schermo. Non è possibile effettuare alcuna valutazione clinica, monitorare la mobilità o rilevare segnali di rischio a causa dell'assenza del soggetto.
[08:44] [FIX×1] La persona non è visibile nell'inquadratura; l'immagine mostra esclusivamente righe di codice su uno schermo. Non è possibile effettuare alcuna valutazione clinica, monitorare la mobilità o rilevare segnali di rischio a causa dell'assenza del soggetto.
[08:47] [FIX×1] La persona non è visibile nell'inquadratura; l'immagine mostra esclusivamente righe di codice su uno schermo. Non è possibile effettuare alcuna valutazione clinica, monitorare la mobilità o rilevare segnali di rischio a causa dell'assenza del soggetto.
[08:50] [FIX×1] La persona non è visibile nell'inquadratura; l'immagine mostra esclusivamente righe di codice su uno schermo. Non è possibile effettuare alcuna valutazione clinica, monitorare la mobilità o rilevare segnali di rischio a causa dell'assenza del soggetto.
[08:53] [FIX×1] La persona non è visibile nell'inquadratura; l'immagine mostra esclusivamente righe di codice su uno schermo. Non è possibile effettuare alcuna valutazione clinica, monitorare la mobilità o rilevare segnali di rischio a causa dell'assenza del soggetto.
[08:56] [FIX×1] La persona non è visibile nell'inquadratura; l'immagine mostra esclusivamente righe di codice su uno schermo. Non è possibile effettuare alcuna valutazione clinica o monitorare lo stato di salute del soggetto.
[08:59] [FIX×1] La persona non è visibile nell'inquadratura; l'immagine mostra esclusivamente righe di codice su uno schermo. Non è possibile effettuare alcuna valutazione clinica, monitorare la mobilità o rilevare segnali di rischio a causa dell'assenza del soggetto.

[SINTESI 08:00] Durante l'intervallo temporale considerato (08:00–08:59), il soggetto non è stato visibile nell'inquadratura, che ha mostrato esclusivamente uno schermo con righe di codice. A causa della costante assenza del soggetto, non è stato possibile monitorarne la mobilità, lo stato di salute o rilevare eventuali segnali clinici. Non si registrano variazioni o attività riconducibili alla persona, rendendo impossibile qualsiasi valutazione clinica o ambientale. Non si segnalano criticità immediate, ma il monitoraggio risulta incompleto per mancanza di visibilità.

[09:02] [FIX×1] La persona non è visibile nell'inquadratura; l'immagine mostra esclusivamente righe di codice su uno schermo. Non è possibile effettuare alcuna valutazione clinica o monitorare lo stato di salute del soggetto.
[09:05] [FIX×1] La persona non è visibile nell'inquadratura; l'immagine mostra esclusivamente righe di codice su uno schermo. Non è possibile effettuare alcuna valutazione clinica o monitorare lo stato di salute del soggetto.
[09:07] [CMP] La persona non è visibile nell'inquadratura; l'immagine mostra esclusivamente righe di codice su uno schermo. Non è possibile effettuare alcuna valutazione clinica o monitorare lo stato di salute del soggetto.
[09:08] [FIX×1] La persona non è visibile nell'inquadratura; l'immagine mostra esclusivamente righe di codice su uno schermo. Non è possibile effettuare alcuna valutazione clinica, monitorare la mobilità o rilevare segnali di rischio a causa dell'assenza del soggetto.
[09:11] [FIX×1] La persona non è visibile nell'inquadratura; l'immagine mostra esclusivamente righe di codice su uno schermo. Non è possibile effettuare alcuna valutazione clinica, monitorare la mobilità o rilevare segnali di rischio a causa dell'assenza del soggetto.
[09:14] [FIX×1] La persona non è visibile nell'inquadratura; l'immagine mostra esclusivamente righe di codice su uno schermo. Non è possibile effettuare alcuna valutazione clinica o monitorare lo stato di salute del soggetto.
[09:18] [FIX×1] La persona non è visibile nell'inquadratura; l'immagine mostra esclusivamente righe di codice su uno schermo. Non è possibile effettuare alcuna valutazione clinica o monitorare lo stato di salute del soggetto.
[09:21] [FIX×1] La persona non è visibile nell'inquadratura; l'immagine mostra esclusivamente righe di codice su uno schermo. Non è possibile effettuare alcuna valutazione clinica, monitorare la mobilità o rilevare segnali di rischio a causa dell'assenza del soggetto.
[09:24] [FIX×1] La persona non è visibile nell'inquadratura; l'immagine mostra esclusivamente righe di codice su uno schermo. Non è possibile effettuare alcuna valutazione clinica o monitorare lo stato di salute del soggetto.
[09:27] [FIX×1] La persona non è visibile nell'inquadratura; l'immagine mostra esclusivamente righe di codice su uno schermo. Non è possibile effettuare alcuna valutazione clinica, monitorare la mobilità o rilevare segnali di rischio.
[09:30] [FIX×1] La persona non è visibile nell'inquadratura; l'immagine mostra esclusivamente righe di codice su uno schermo. Non è possibile effettuare alcuna valutazione clinica o monitorare lo stato di salute del soggetto.
[09:33] [FIX×1] La persona non è visibile nell'inquadratura; l'immagine mostra esclusivamente righe di codice su uno schermo. Non è possibile effettuare alcuna valutazione clinica o monitorare lo stato di salute del soggetto.
[09:36] [FIX×1] La persona non è visibile nell'inquadratura; l'immagine mostra esclusivamente righe di codice su uno schermo. Non è possibile effettuare alcuna valutazione clinica, monitorare la mobilità o rilevare segnali di rischio.
[09:37] [CMP] La persona non è visibile nell'inquadratura. L'immagine mostra esclusivamente testo di codice su uno schermo, rendendo impossibile qualsiasi valutazione clinica o monitoraggio della sicurezza.
[09:39] [FIX×1] La persona non è visibile nell'inquadratura; l'immagine mostra esclusivamente righe di codice su uno schermo. Non è possibile effettuare alcuna valutazione clinica, monitorare la mobilità o rilevare segnali di rischio.
[09:42] [FIX×1] La persona non è visibile nell'inquadratura; l'immagine mostra esclusivamente righe di codice su uno schermo. Non è possibile effettuare alcuna valutazione clinica, monitorare la mobilità o rilevare segnali di rischio.
[09:45] [FIX×1] La persona non è visibile nell'inquadratura; l'immagine mostra esclusivamente righe di codice su uno schermo. Non è possibile effettuare alcuna valutazione clinica, monitorare la mobilità o rilevare segnali di rischio.
[09:48] [FIX×1] La persona non è visibile nell'inquadratura; l'immagine mostra esclusivamente righe di codice su uno schermo. Non è possibile effettuare alcuna valutazione clinica, monitorare la mobilità o rilevare segnali di rischio.
[09:51] [FIX×1] La persona non è visibile nell'inquadratura. L'immagine mostra esclusivamente righe di codice su uno schermo, rendendo impossibile qualsiasi valutazione clinica o monitoraggio della sicurezza.
[09:55] [FIX×1] La persona non è visibile nell'inquadratura; l'immagine mostra esclusivamente righe di codice su uno schermo. Non è possibile effettuare alcuna valutazione clinica, monitorare la mobilità o rilevare segnali di rischio.
[09:58] [FIX×1] La persona non è visibile nell'inquadratura; l'immagine mostra esclusivamente righe di codice su uno schermo. Non è possibile effettuare alcuna valutazione clinica, monitorare la mobilità o rilevare segnali di rischio.

[SINTESI 09:00] Durante l'intervallo temporale considerato, il soggetto non è mai apparso nell'inquadratura, poiché l'immagine ha mostrato esclusivamente uno schermo con righe di codice. A causa della totale assenza visiva del paziente, non è stato possibile valutarne lo stato di salute, la mobilità o rilevare eventuali segnali di rischio. Non si registrano variazioni cliniche né cambiamenti comportamentali, data l'impossibilità di effettuare qualsiasi tipo di monitoraggio. Pertanto, non sono stati rilevati segnali di attenzione o criticità cliniche nel periodo osservato.

[10:01] [FIX×1] La persona non è visibile nell'inquadratura; l'immagine mostra esclusivamente righe di codice su uno schermo. Non è possibile effettuare alcuna valutazione clinica, monitorare la mobilità o rilevare segnali di rischio.
[10:04] [FIX×1] La persona non è visibile nell'inquadratura; l'immagine mostra esclusivamente righe di codice su uno schermo. Non è possibile effettuare alcuna valutazione clinica, monitorare la mobilità o rilevare segnali di rischio.
[10:07] [FIX×1] La persona non è visibile nell'inquadratura. L'immagine mostra esclusivamente righe di codice su uno schermo, rendendo impossibile qualsiasi valutazione clinica o monitoraggio della sicurezza.
[10:07] [CMP] La persona non è visibile nell'inquadratura. L'immagine mostra esclusivamente righe di codice su uno schermo, rendendo impossibile qualsiasi valutazione clinica o monitoraggio della sicurezza.
[10:10] [FIX×1] La persona non è visibile nell'inquadratura; l'immagine mostra esclusivamente righe di codice su uno schermo. Non è possibile effettuare alcuna valutazione clinica, monitorare la mobilità o rilevare segnali di rischio.
[10:13] [FIX×1] La persona non è visibile nell'inquadratura; l'immagine mostra esclusivamente righe di codice su uno schermo. Non è possibile effettuare alcuna valutazione clinica, monitorare la mobilità o rilevare segnali di rischio.
[10:16] [FIX×1] La persona non è visibile nell'inquadratura; l'immagine mostra esclusivamente righe di codice su uno schermo. Non è possibile effettuare alcuna valutazione clinica, monitorare la mobilità o rilevare segnali di rischio.
[10:19] [FIX×1] La persona non è visibile nell'inquadratura. L'immagine mostra esclusivamente righe di codice su uno schermo, rendendo impossibile qualsiasi valutazione clinica o monitoraggio della sicurezza.
[10:22] [FIX×1] La persona non è visibile nell'inquadratura; l'immagine mostra esclusivamente righe di codice su uno schermo. Non è possibile effettuare alcuna valutazione clinica, monitorare la mobilità o rilevare segnali di rischio.
[10:25] [FIX×1] La persona non è visibile nell'inquadratura; l'immagine mostra esclusivamente righe di codice su uno schermo. Non è possibile effettuare alcuna valutazione clinica, monitorare la mobilità o rilevare segnali di rischio.
[10:28] [FIX×1] La persona non è visibile nell'inquadratura; l'immagine mostra esclusivamente righe di codice su uno schermo. Non è possibile effettuare alcuna valutazione clinica, monitorare la mobilità o rilevare segnali di rischio.
[10:31] [FIX×1] La persona non è visibile nell'inquadratura; l'immagine mostra esclusivamente righe di codice su uno schermo. Non è possibile effettuare alcuna valutazione clinica, monitorare la mobilità o rilevare segnali di rischio.
[10:35] [FIX×1] La persona non è visibile nell'inquadratura; l'immagine mostra esclusivamente righe di codice su uno schermo. Non è possibile effettuare alcuna valutazione clinica, monitorare la mobilità o rilevare segnali di rischio.
[10:37] [CMP] La persona non è visibile nell'inquadratura. L'immagine mostra esclusivamente righe di codice su uno schermo, rendendo impossibile qualsiasi valutazione clinica o ambientale.
[10:38] [FIX×1] La persona non è visibile nell'inquadratura; l'immagine mostra esclusivamente righe di codice su uno schermo. Non è possibile effettuare alcuna valutazione clinica, monitorare la mobilità o rilevare segnali di rischio.
[10:41] [FIX×1] La persona non è visibile nell'inquadratura; l'immagine mostra esclusivamente righe di codice su uno schermo. Non è possibile effettuare alcuna valutazione clinica, monitorare la mobilità o rilevare segnali di rischio.
[10:44] [FIX×1] La persona non è visibile nell'inquadratura; l'immagine mostra esclusivamente righe di codice su uno schermo. Non è possibile effettuare alcuna valutazione clinica, monitorare la mobilità o rilevare segnali di rischio.
[10:47] [FIX×1] La persona non è visibile nell'inquadratura; l'immagine mostra esclusivamente righe di codice su uno schermo. Non è possibile effettuare alcuna valutazione clinica, monitorare la mobilità o rilevare segnali di rischio.
[10:50] [FIX×1] La persona non è visibile nell'inquadratura. L'immagine mostra esclusivamente righe di codice su uno schermo, rendendo impossibile qualsiasi valutazione clinica o monitoraggio della mobilità.
[10:53] [FIX×1] La persona non è visibile nell'inquadratura; l'immagine mostra esclusivamente righe di codice su uno schermo. Non è possibile effettuare alcuna valutazione clinica, monitorare la mobilità o rilevare segnali di rischio.
[10:56] [FIX×1] La persona non è visibile nell'inquadratura; l'immagine mostra esclusivamente righe di codice su uno schermo. Non è possibile effettuare alcuna valutazione clinica, monitorare la mobilità o rilevare segnali di rischio.
[10:59] [FIX×1] La persona non è visibile nell'inquadratura; l'immagine mostra esclusivamente righe di codice su uno schermo. Non è possibile effettuare alcuna valutazione clinica, monitorare la mobilità o rilevare segnali di rischio.

[SINTESI 10:00] Durante l'intervallo di monitoraggio tra le 10:00 e le 10:59, la persona non è stata visibile nell'inquadratura, poiché l'immagine ha mostrato esclusivamente uno schermo con righe di codice. A causa della totale assenza del soggetto nel campo visivo, non è stato possibile valutarne lo stato di salute, la mobilità o il benessere clinico. Non si rilevano variazioni o attività specifiche, rendendo impossibile identificare segnali di rischio o cambiamenti rispetto ai periodi precedenti. Pertanto, il monitoraggio risulta incompleto per mancanza di visibilità clinica.

[11:02] [FIX×1] La persona non è visibile nell'inquadratura; l'immagine mostra esclusivamente righe di codice su uno schermo. Non è possibile effettuare alcuna valutazione clinica, monitorare la mobilità o rilevare segnali di rischio.
[11:05] [FIX×1] La persona non è visibile nell'inquadratura; l'immagine mostra esclusivamente righe di codice su uno schermo. Non è possibile effettuare alcuna valutazione clinica, monitorare la mobilità o rilevare segnali di rischio.
[11:07] [CMP] La persona non è visibile nell'inquadratura. L'immagine mostra esclusivamente del codice su uno schermo, rendendo impossibile qualsiasi valutazione clinica o di rischio.
[11:08] [FIX×1] La persona non è visibile nell'inquadratura; l'immagine mostra esclusivamente righe di codice su uno schermo. Non è possibile effettuare alcuna valutazione clinica, monitorare la mobilità o rilevare segnali di rischio.
[11:11] [FIX×1] La persona non è visibile nell'inquadratura; l'immagine mostra esclusivamente righe di codice su uno schermo. Non è possibile effettuare alcuna valutazione clinica, monitorare la mobilità o rilevare segnali di rischio.
[11:15] [FIX×1] La persona non è visibile nell'inquadratura; l'immagine mostra esclusivamente righe di codice su uno schermo. Non è possibile effettuare alcuna valutazione clinica, monitorare la mobilità o rilevare segnali di rischio.
[11:18] [FIX×1] La persona non è visibile nell'inquadratura; l'immagine mostra esclusivamente righe di codice su uno schermo. Non è possibile effettuare alcuna valutazione clinica, monitorare la mobilità o rilevare segnali di rischio.
[11:21] [FIX×1] La persona non è visibile nell'inquadratura. L'immagine mostra esclusivamente righe di codice su uno schermo, rendendo impossibile qualsiasi valutazione clinica o di rischio.
[11:24] [FIX×1] La persona non è visibile nell'inquadratura; l'immagine mostra esclusivamente righe di codice su uno schermo. Non è possibile effettuare alcuna valutazione clinica, monitorare la mobilità o rilevare segnali di rischio.
[11:27] [FIX×1] La persona non è visibile nell'inquadratura; l'immagine mostra esclusivamente righe di codice su uno schermo. Non è possibile effettuare alcuna valutazione clinica, monitorare la mobilità o rilevare segnali di rischio.
[11:30] [FIX×1] La persona non è visibile nell'inquadratura; l'immagine mostra esclusivamente righe di codice su uno schermo. Non è possibile effettuare alcuna valutazione clinica, monitorare la mobilità o rilevare segnali di rischio.
[11:33] [FIX×1] La persona non è visibile nell'inquadratura; l'immagine mostra esclusivamente righe di codice su uno schermo. Non è possibile effettuare alcuna valutazione clinica, monitorare la mobilità o rilevare segnali di rischio.
[11:36] [FIX×1] La persona non è visibile nell'inquadratura; l'immagine mostra esclusivamente righe di codice su uno schermo. Non è possibile effettuare alcuna valutazione clinica, monitorare la mobilità o rilevare segnali di rischio.
[11:37] [CMP] La persona non è visibile nell'inquadratura. L'immagine mostra esclusivamente del codice su uno schermo, rendendo impossibile qualsiasi valutazione clinica o di sicurezza.
[11:39] [FIX×1] La persona non è visibile nell'inquadratura; l'immagine mostra esclusivamente righe di codice su uno schermo. Non è possibile effettuare alcuna valutazione clinica, monitorare la mobilità o rilevare segnali di rischio.
[11:42] [FIX×1] La persona non è visibile nell'inquadratura; l'immagine mostra esclusivamente righe di codice su uno schermo. Non è possibile effettuare alcuna valutazione clinica, monitorare la mobilità o rilevare segnali di rischio.
[11:45] [FIX×1] La persona non è visibile nell'inquadratura; l'immagine mostra esclusivamente righe di codice su uno schermo. Non è possibile effettuare alcuna valutazione clinica, monitorare la mobilità o rilevare segnali di rischio.
[11:48] [FIX×1] La persona non è visibile nell'inquadratura; l'immagine mostra esclusivamente righe di codice su uno schermo. Non è possibile effettuare alcuna valutazione clinica, monitorare la mobilità o rilevare segnali di rischio.
[11:51] [FIX×1] La persona non è visibile nell'inquadratura; l'immagine mostra esclusivamente righe di codice su uno schermo. Non è possibile effettuare alcuna valutazione clinica, monitorare la mobilità o rilevare segnali di rischio.
[11:55] [FIX×1] La persona non è visibile nell'inquadratura; l'immagine mostra esclusivamente righe di codice su uno schermo. Non è possibile effettuare alcuna valutazione clinica, monitorare la mobilità o rilevare segnali di rischio.
[11:58] [FIX×1] La persona non è visibile nell'inquadratura; l'immagine mostra esclusivamente righe di codice su uno schermo. Non è possibile effettuare alcuna valutazione clinica, monitorare la mobilità o rilevare segnali di rischio.

[SINTESI 11:00] Durante l'intervallo temporale considerato, la persona non è stata visibile nell'inquadratura, poiché l'immagine ha mostrato esclusivamente uno schermo con righe di codice. Di conseguenza, non è stato possibile monitorare la mobilità, lo stato di salute o il benessere del soggetto. Non si rilevano variazioni cliniche né segnali di rischio, in quanto non è stata possibile effettuare alcuna valutazione diretta. La persistenza dell'assenza visiva impedisce di determinare le attività svolte o lo stato psicofisico della persona.

[12:01] [FIX×1] La persona non è visibile nell'inquadratura; l'immagine mostra esclusivamente righe di codice su uno schermo. Non è possibile effettuare alcuna valutazione clinica, monitorare la mobilità o rilevare segnali di rischio.
[12:04] [FIX×1] La persona non è visibile nell'inquadratura; l'immagine mostra esclusivamente righe di codice su uno schermo. Non è possibile effettuare alcuna valutazione clinica o rilevare segnali di rischio.
[12:07] [FIX×1] La persona non è visibile nell'inquadratura; l'immagine mostra esclusivamente uno schermo con righe di codice. Non è possibile effettuare alcuna valutazione clinica, monitorare la mobilità o rilevare segnali di rischio.
[12:07] [CMP] La persona non è visibile nell'inquadratura. L'immagine mostra esclusivamente uno schermo con righe di codice, pertanto non è possibile effettuare alcuna valutazione clinica o rilevare rischi per la sicurezza.
[12:10] [FIX×1] La persona non è visibile nell'inquadratura; l'immagine mostra esclusivamente uno schermo con righe di codice. Non è possibile effettuare alcuna valutazione clinica, monitorare la mobilità o rilevare segnali di rischio.
[12:13] [FIX×1] La persona non è visibile nell'inquadratura; l'immagine mostra esclusivamente uno schermo con righe di codice. Non è possibile effettuare alcuna valutazione clinica, monitorare la mobilità o rilevare segnali di rischio.
[12:16] [FIX×1] La persona non è visibile nell'inquadratura; l'immagine mostra esclusivamente uno schermo con righe di codice. Non è possibile effettuare alcuna valutazione clinica, monitorare la mobilità o rilevare segnali di rischio.
[12:19] [FIX×1] La persona non è visibile nell'inquadratura; l'immagine mostra esclusivamente uno schermo con righe di codice. Non è possibile effettuare alcuna valutazione clinica, monitorare la mobilità o rilevare segnali di rischio.
[12:22] [FIX×1] La persona non è visibile nell'inquadratura; l'immagine mostra esclusivamente uno schermo con righe di codice. Non è possibile effettuare alcuna valutazione clinica, monitorare la mobilità o rilevare segnali di rischio.
[12:25] [FIX×1] La persona non è visibile nell'inquadratura; l'immagine mostra esclusivamente uno schermo con righe di codice. Non è possibile effettuare alcuna valutazione clinica, monitorare la mobilità o rilevare segnali di rischio.
[12:28] [FIX×1] La persona non è visibile nell'inquadratura; l'immagine mostra esclusivamente uno schermo con righe di codice. Non è possibile effettuare alcuna valutazione clinica, monitorare la mobilità o rilevare segnali di rischio.
[12:31] [FIX×1] La persona non è visibile nell'inquadratura; l'immagine mostra esclusivamente uno schermo con righe di codice. Non è possibile effettuare alcuna valutazione clinica, monitorare la mobilità o rilevare segnali di rischio.
[12:35] [FIX×1] La persona non è visibile nell'inquadratura; l'immagine mostra esclusivamente uno schermo con righe di codice. Non è possibile effettuare alcuna valutazione clinica, monitorare la mobilità o rilevare segnali di rischio.
[12:37] [CMP] La persona non è visibile nell'inquadratura. L'immagine mostra esclusivamente del codice su uno schermo, pertanto non è possibile effettuare alcuna valutazione clinica o rilevare segnali di rischio.
[12:38] [FIX×1] La persona non è visibile nell'inquadratura; l'immagine mostra esclusivamente righe di codice su uno schermo. Non è possibile effettuare alcuna valutazione clinica, monitorare la mobilità o rilevare segnali di rischio.
[12:41] [FIX×1] La persona non è visibile nell'inquadratura; l'immagine mostra esclusivamente uno schermo con righe di codice. Non è possibile effettuare alcuna valutazione clinica, monitorare la mobilità o rilevare segnali di rischio.
[12:44] [FIX×1] La persona non è visibile nell'inquadratura; l'immagine mostra esclusivamente uno schermo con righe di codice. Non è possibile effettuare alcuna valutazione clinica, monitorare la mobilità o rilevare segnali di rischio.
[12:47] [FIX×1] La persona non è visibile nell'inquadratura; l'immagine mostra esclusivamente uno schermo con righe di codice. Non è possibile effettuare alcuna valutazione clinica, monitorare la mobilità o rilevare segnali di rischio.
[12:50] [FIX×1] La persona non è visibile nell'inquadratura; l'immagine mostra esclusivamente righe di codice su uno schermo. Non è possibile effettuare alcuna valutazione clinica, monitorare la mobilità o rilevare segnali di rischio.
[12:53] [FIX×1] La persona non è visibile nell'inquadratura; l'immagine mostra esclusivamente uno schermo con righe di codice. Non è possibile effettuare alcuna valutazione clinica, monitorare la mobilità o rilevare segnali di rischio.
[12:56] [FIX×1] La persona non è visibile nell'inquadratura; l'immagine mostra esclusivamente uno schermo con righe di codice. Non è possibile effettuare alcuna valutazione clinica, monitorare la mobilità o rilevare segnali di rischio.
[12:59] [FIX×1] La persona non è visibile nell'inquadratura; l'immagine mostra esclusivamente uno schermo con righe di codice. Non è possibile effettuare alcuna valutazione clinica, monitorare la mobilità o rilevare segnali di rischio.

[SINTESI 12:00] Durante l'intervallo temporale considerato, la persona non è stata visibile nell'inquadratura, in quanto l'immagine ha mostrato esclusivamente uno schermo con righe di codice. Di conseguenza, non è stato possibile monitorare la mobilità, valutare lo stato clinico o rilevare segnali di rischio. Non si sono verificate variazioni o attività riconducibili al soggetto, rendendo impossibile qualsiasi valutazione sul suo benessere. Non sono stati rilevati segnali di attenzione clinica, data l'assenza totale del soggetto nel campo visivo.

[13:02] [FIX×1] La persona non è visibile nell'inquadratura; l'immagine mostra esclusivamente righe di codice su uno schermo. Non è possibile effettuare alcuna valutazione clinica, monitorare la mobilità o rilevare segnali di rischio.
[13:05] [FIX×1] La persona non è visibile nell'inquadratura; l'immagine mostra esclusivamente uno schermo con righe di codice. Non è possibile effettuare alcuna valutazione clinica, monitorare la mobilità o rilevare segnali di rischio.
[13:07] [CMP] La persona non è visibile nell'inquadratura. L'immagine mostra esclusivamente del codice su uno schermo, rendendo impossibile qualsiasi valutazione clinica o di rischio.
[13:08] [FIX×1] La persona non è visibile nell'inquadratura; l'immagine mostra esclusivamente righe di codice su uno schermo. Non è possibile effettuare alcuna valutazione clinica, monitorare la mobilità o rilevare segnali di rischio.
[13:11] [FIX×1] La persona non è visibile nell'inquadratura; l'immagine mostra esclusivamente righe di codice su uno schermo. Non è possibile effettuare alcuna valutazione clinica, monitorare la mobilità o rilevare segnali di rischio.
[13:15] [FIX×1] La persona non è visibile nell'inquadratura; l'immagine mostra esclusivamente righe di codice su uno schermo. Non è possibile effettuare alcuna valutazione clinica, monitorare la mobilità o rilevare segnali di rischio.
[13:18] [FIX×1] La persona non è visibile nell'inquadratura; l'immagine mostra esclusivamente uno schermo con righe di codice. Non è possibile effettuare alcuna valutazione clinica, monitorare la mobilità o rilevare segnali di rischio.
[13:21] [FIX×1] La persona non è visibile nell'inquadratura; l'immagine mostra esclusivamente righe di codice su uno schermo. Non è possibile effettuare alcuna valutazione clinica, monitorare la mobilità o rilevare segnali di rischio.
[13:24] [FIX×1] La persona non è visibile nell'inquadratura; l'immagine mostra esclusivamente uno schermo con righe di codice. Non è possibile effettuare alcuna valutazione clinica, monitorare la mobilità o rilevare segnali di rischio.
[13:27] [FIX×1] La persona non è visibile nell'inquadratura; l'immagine mostra esclusivamente righe di codice su uno schermo. Non è possibile effettuare alcuna valutazione clinica o rilevare segnali di rischio.
[13:30] [FIX×1] La persona non è visibile nell'inquadratura; l'immagine mostra esclusivamente uno schermo con righe di codice. Non è possibile effettuare alcuna valutazione clinica, monitorare la mobilità o rilevare segnali di rischio.
[13:33] [FIX×1] La persona non è visibile nell'inquadratura; l'immagine mostra esclusivamente righe di codice su uno schermo. Non è possibile effettuare alcuna valutazione clinica, monitorare la mobilità o rilevare segnali di rischio.
[13:36] [FIX×1] La persona non è visibile nell'inquadratura; l'immagine mostra esclusivamente uno schermo con righe di codice. Non è possibile effettuare alcuna valutazione clinica, monitorare la mobilità o rilevare segnali di rischio.
[13:37] [CMP] La persona non è visibile nell'inquadratura. L'immagine mostra esclusivamente del codice su uno schermo, rendendo impossibile qualsiasi valutazione clinica o di rischio.
[13:39] [FIX×1] La persona non è visibile nell'inquadratura; l'immagine mostra esclusivamente righe di codice su uno schermo. Non è possibile effettuare alcuna valutazione clinica, monitorare la mobilità o rilevare segnali di rischio.
[13:42] [FIX×1] La persona non è visibile nell'inquadratura; l'immagine mostra esclusivamente righe di codice su uno schermo. Non è possibile effettuare alcuna valutazione clinica, monitorare la mobilità o rilevare segnali di rischio.
[13:45] [FIX×1] La persona non è visibile nell'inquadratura; l'immagine mostra esclusivamente righe di codice su uno schermo. Non è possibile effettuare alcuna valutazione clinica, monitorare la mobilità o rilevare segnali di rischio.
[13:48] [FIX×1] La persona non è visibile nell'inquadratura; l'immagine mostra esclusivamente uno schermo con righe di codice. Non è possibile effettuare alcuna valutazione clinica, monitorare la mobilità o rilevare segnali di rischio.
[13:52] [FIX×1] La persona non è visibile nell'inquadratura. L'immagine mostra esclusivamente righe di codice su uno schermo, rendendo impossibile qualsiasi valutazione clinica o di rischio.
[13:55] [FIX×1] La persona non è visibile nell'inquadratura; l'immagine mostra esclusivamente righe di codice su uno schermo. Non è possibile effettuare alcuna valutazione clinica, monitorare la mobilità o rilevare segnali di rischio.
[13:58] [FIX×1] La persona non è visibile nell'inquadratura; l'immagine mostra esclusivamente uno schermo con righe di codice. Non è possibile effettuare alcuna valutazione clinica, monitorare la mobilità o rilevare segnali di rischio.

[SINTESI 13:00] Durante l'intervallo temporale considerato, la persona non è mai stata visibile nell'inquadratura, poiché l'immagine ha mostrato esclusivamente uno schermo con righe di codice. A causa della totale assenza del soggetto nel campo visivo, non è stato possibile monitorarne la mobilità, lo stato di salute o il benessere psicofisico. Non si rilevano variazioni cliniche poiché non è stata possibile effettuare alcuna valutazione. Non sono emersi segnali di rischio immediati, ma l'impossibilità di osservazione impedisce una valutazione clinica completa.

[14:01] [FIX×1] La persona non è visibile nell'inquadratura; l'immagine mostra esclusivamente righe di codice su uno schermo. Non è possibile effettuare alcuna valutazione clinica, monitorare la mobilità o rilevare segnali di rischio.
[14:04] [FIX×1] La persona non è visibile nell'inquadratura; l'immagine mostra esclusivamente righe di codice su uno schermo. Non è possibile effettuare alcuna valutazione clinica, monitorare la mobilità o rilevare segnali di rischio.
[14:07] [FIX×1] La persona non è visibile nell'inquadratura. L'immagine mostra esclusivamente righe di codice su uno schermo, rendendo impossibile qualsiasi valutazione clinica o di rischio.
[14:07] [CMP] La persona non è visibile nell'inquadratura. L'immagine mostra esclusivamente uno schermo con righe di codice, rendendo impossibile qualsiasi valutazione clinica.
[14:10] [FIX×1] La persona non è visibile nell'inquadratura; l'immagine mostra esclusivamente uno schermo con righe di codice. Non è possibile effettuare alcuna valutazione clinica, monitorare la mobilità o rilevare segnali di rischio.
[14:13] [FIX×1] La persona non è visibile nell'inquadratura; l'immagine mostra esclusivamente righe di codice su uno schermo. Non è possibile effettuare alcuna valutazione clinica, monitorare la mobilità o rilevare segnali di rischio.
[14:16] [FIX×1] La persona non è visibile nell'inquadratura; l'immagine mostra esclusivamente righe di codice su uno schermo. Non è possibile effettuare alcuna valutazione clinica, monitorare la mobilità o rilevare segnali di rischio.
[14:19] [FIX×1] La persona non è visibile nell'inquadratura; l'immagine mostra esclusivamente righe di codice su uno schermo. Non è possibile effettuare alcuna valutazione clinica, monitorare la mobilità o rilevare segnali di rischio.
[14:22] [FIX×1] La persona non è visibile nell'inquadratura. L'immagine mostra esclusivamente uno schermo con righe di codice, rendendo impossibile qualsiasi valutazione clinica o monitoraggio dello stato di salute.
[14:25] [FIX×1] La persona non è visibile nell'inquadratura; l'immagine mostra esclusivamente righe di codice su uno schermo. Non è possibile effettuare alcuna valutazione clinica, monitorare la mobilità o rilevare segnali di rischio.
[14:28] [FIX×1] La persona non è visibile nell'inquadratura; l'immagine mostra esclusivamente uno schermo con righe di codice. Non è possibile effettuare alcuna valutazione clinica, monitorare la mobilità o rilevare segnali di rischio.
[14:32] [FIX×1] La persona non è visibile nell'inquadratura; l'immagine mostra esclusivamente righe di codice su uno schermo. Non è possibile effettuare alcuna valutazione clinica, monitorare la mobilità o rilevare segnali di rischio.
[14:35] [FIX×1] La persona non è visibile nell'inquadratura; l'immagine mostra esclusivamente righe di codice su uno schermo. Non è possibile effettuare alcuna valutazione clinica, monitorare la mobilità o rilevare segnali di rischio.
[14:37] [CMP] La persona non è visibile nell'inquadratura. L'immagine mostra esclusivamente righe di codice su uno schermo, rendendo impossibile qualsiasi valutazione clinica o monitoraggio.
[14:38] [FIX×1] La persona non è visibile nell'inquadratura; l'immagine mostra esclusivamente righe di codice su uno schermo. Non è possibile effettuare alcuna valutazione clinica, monitorare la mobilità o rilevare segnali di rischio.
[14:41] [FIX×1] La persona non è visibile nell'inquadratura; l'immagine mostra esclusivamente righe di codice su uno schermo. Non è possibile effettuare alcuna valutazione clinica, monitorare la mobilità o rilevare segnali di rischio.
[14:44] [FIX×1] La persona non è visibile nell'inquadratura; l'immagine mostra esclusivamente righe di codice su uno schermo. Non è possibile effettuare alcuna valutazione clinica, monitorare la mobilità o rilevare segnali di rischio.
[14:47] [FIX×1] La persona non è visibile nell'inquadratura; l'immagine mostra esclusivamente righe di codice su uno schermo. Non è possibile effettuare alcuna valutazione clinica, monitorare la mobilità o rilevare segnali di rischio.
[14:50] [FIX×1] La persona non è visibile nell'inquadratura. L'immagine mostra esclusivamente righe di codice su uno schermo, rendendo impossibile qualsiasi valutazione clinica o monitoraggio della persona.
[14:53] [FIX×1] La persona non è visibile nell'inquadratura; l'immagine mostra esclusivamente righe di codice su uno schermo. Non è possibile effettuare alcuna valutazione clinica, monitorare la mobilità o rilevare segnali di rischio.
[14:56] [FIX×1] La persona non è visibile nell'inquadratura; l'immagine mostra esclusivamente righe di codice su uno schermo. Non è possibile effettuare alcuna valutazione clinica, monitorare la mobilità o rilevare segnali di rischio.
[14:59] [FIX×1] La persona non è visibile nell'inquadratura; l'immagine mostra esclusivamente righe di codice su uno schermo. Non è possibile effettuare alcuna valutazione clinica, monitorare la mobilità o rilevare segnali di rischio.

[SINTESI 14:00] Durante l'intervallo temporale considerato (14:00–14:59), la persona non è stata visibile nell'inquadratura, poiché l'immagine ha mostrato esclusivamente uno schermo con righe di codice. A causa della totale assenza del soggetto nel campo visivo, non è stato possibile monitorarne la mobilità, lo stato di salute o il livello di attività. Non si rilevano variazioni cliniche né segnali di rischio, ma la mancanza di visibilità impedisce qualsiasi valutazione sullo stato della persona. Si raccomanda di riprendere il monitoraggio non appena il soggetto sarà nuovamente inquadrato.

[15:02] [FIX×1] La persona non è visibile nell'inquadratura; l'immagine mostra esclusivamente righe di codice su uno schermo. Non è possibile effettuare alcuna valutazione clinica, monitorare la mobilità o rilevare segnali di rischio.
[15:05] [FIX×1] La persona non è visibile nell'inquadratura. L'immagine mostra esclusivamente righe di codice su uno schermo, rendendo impossibile qualsiasi valutazione clinica o monitoraggio del soggetto.
[15:07] [CMP] La persona non è visibile nell'inquadratura. L'immagine mostra esclusivamente righe di codice su uno schermo, rendendo impossibile qualsiasi valutazione clinica o monitoraggio del soggetto.
[15:08] [FIX×1] La persona non è visibile nell'inquadratura; l'immagine mostra esclusivamente righe di codice su uno schermo. Non è possibile effettuare alcuna valutazione clinica, monitorare la mobilità o rilevare segnali di rischio.
[15:12] [FIX×1] La persona non è visibile nell'inquadratura; l'immagine mostra esclusivamente righe di codice su uno schermo. Non è possibile effettuare alcuna valutazione clinica, monitorare la mobilità o rilevare segnali di rischio.
[15:15] [FIX×1] La persona non è visibile nell'inquadratura; l'immagine mostra esclusivamente righe di codice su uno schermo. Non è possibile effettuare alcuna valutazione clinica, monitorare la mobilità o rilevare segnali di rischio.
[15:18] [FIX×1] La persona non è visibile nell'inquadratura; l'immagine mostra esclusivamente righe di codice su uno schermo. Non è possibile effettuare alcuna valutazione clinica, monitorare la mobilità o rilevare segnali di rischio.
[15:21] [FIX×1] La persona non è visibile nell'inquadratura. L'immagine mostra esclusivamente righe di codice su uno schermo, rendendo impossibile qualsiasi valutazione clinica o monitoraggio del soggetto.
[15:24] [FIX×1] La persona non è visibile nell'inquadratura; l'immagine mostra esclusivamente righe di codice su uno schermo. Non è possibile effettuare alcuna valutazione clinica, monitorare la mobilità o rilevare segnali di rischio.
[15:27] [FIX×1] La persona non è visibile nell'inquadratura; l'immagine mostra esclusivamente righe di codice su uno schermo. Non è possibile effettuare alcuna valutazione clinica, monitorare la mobilità o rilevare segnali di rischio.
[15:30] [FIX×1] La persona non è visibile nell'inquadratura; l'immagine mostra esclusivamente righe di codice su uno schermo. Non è possibile effettuare alcuna valutazione clinica, monitorare la mobilità o rilevare segnali di rischio.
[15:33] [FIX×1] La persona non è visibile nell'inquadratura; l'immagine mostra esclusivamente righe di codice su uno schermo. Non è possibile effettuare alcuna valutazione clinica, monitorare la mobilità o rilevare segnali di rischio.
[15:36] [FIX×1] La persona non è visibile nell'inquadratura. L'immagine mostra esclusivamente righe di codice su uno schermo, rendendo impossibile qualsiasi valutazione clinica o monitoraggio del soggetto.
[15:37] [CMP] La persona non è visibile nell'inquadratura. L'immagine mostra esclusivamente del codice su uno schermo, rendendo impossibile qualsiasi valutazione clinica o di rischio.
[15:39] [FIX×1] La persona non è visibile nell'inquadratura; l'immagine mostra esclusivamente righe di codice su uno schermo. Non è possibile effettuare alcuna valutazione clinica, monitorare la mobilità o rilevare segnali di rischio.
[15:42] [FIX×1] La persona non è visibile nell'inquadratura; l'immagine mostra esclusivamente righe di codice su uno schermo. Non è possibile effettuare alcuna valutazione clinica, monitorare la mobilità o rilevare segnali di rischio.
[15:45] [FIX×1] La persona non è visibile nell'inquadratura; l'immagine mostra esclusivamente righe di codice su uno schermo. Non è possibile effettuare alcuna valutazione clinica, monitorare la mobilità o rilevare segnali di rischio.
